"Show 4. By Station Code","Split 5. No Split","Category","Sub Category","metric_name","Time Granularity (2. Weekly)","Metric (CUSTOM)"
"UBA1","No Split","Quality","Timeliness","% Late","2026-06-28 00:00:00",0.0575139146567718
"UBA1","No Split","Quality","Timeliness","% Late","2026-07-05 00:00:00",0.003913894324853229
"UBA1","No Split","Quality","Timeliness","% Late","2026-07-12 00:00:00",0.06864988558352403
"UBA1","No Split","Quality","Timeliness","% Late","2026-07-19 00:00:00",0
"UBA1","No Split","Quality","Timeliness","% Late","2026-07-26 00:00:00",0.004618937644341801
"UBA1","No Split","Quality","Timeliness","% Late","2026-08-02 00:00:00",0.0029411764705882353
"UBA1","No Split","Quality","Timeliness","% Late","2026-08-09 00:00:00",0.017142857142857144
"UBA1","No Split","Quality","Timeliness","% Late","2026-08-16 00:00:00",0.006097560975609756
"UBA1","No Split","Quality","Timeliness","% Late","2026-08-23 00:00:00",0.02127659574468085
"UBA1","No Split","Quality","Timeliness","% Late","2026-08-30 00:00:00",0.02696629213483146
"UBA1","No Split","Quality","Timeliness","% Late","2026-09-06 00:00:00",0.006644518272425249
"UBA1","No Split","Quality","Timeliness","~ % Late > 15","2026-06-28 00:00:00",0.03525046382189239
"UBA1","No Split","Quality","Timeliness","~ % Late > 15","2026-07-05 00:00:00",0.0019569471624266144
"UBA1","No Split","Quality","Timeliness","~ % Late > 15","2026-07-12 00:00:00",0.05263157894736842
"UBA1","No Split","Quality","Timeliness","~ % Late > 15","2026-07-19 00:00:00",0
"UBA1","No Split","Quality","Timeliness","~ % Late > 15","2026-07-26 00:00:00",0.0023094688221709007
"UBA1","No Split","Quality","Timeliness","~ % Late > 15","2026-08-02 00:00:00",0
"UBA1","No Split","Quality","Timeliness","~ % Late > 15","2026-08-09 00:00:00",0
"UBA1","No Split","Quality","Timeliness","~ % Late > 15","2026-08-16 00:00:00",0.006097560975609756
"UBA1","No Split","Quality","Timeliness","~ % Late > 15","2026-08-23 00:00:00",0.010638297872340425
"UBA1","No Split","Quality","Timeliness","~ % Late > 15","2026-08-30 00:00:00",0.015730337078651686
"UBA1","No Split","Quality","Timeliness","~ % Late > 15","2026-09-06 00:00:00",0
"UBA1","No Split","Quality","Full Delivery Failure","% FTFDF","2026-06-28 00:00:00",0.0055658627087198514
"UBA1","No Split","Quality","Full Delivery Failure","% FTFDF","2026-07-05 00:00:00",0.011741682974559686
"UBA1","No Split","Quality","Full Delivery Failure","% FTFDF","2026-07-12 00:00:00",0.018306636155606407
"UBA1","No Split","Quality","Full Delivery Failure","% FTFDF","2026-07-19 00:00:00",0.009852216748768473
"UBA1","No Split","Quality","Full Delivery Failure","% FTFDF","2026-07-26 00:00:00",0.004618937644341801
"UBA1","No Split","Quality","Full Delivery Failure","% FTFDF","2026-08-02 00:00:00",0.014705882352941176
"UBA1","No Split","Quality","Full Delivery Failure","% FTFDF","2026-08-09 00:00:00",0.017142857142857144
"UBA1","No Split","Quality","Full Delivery Failure","% FTFDF","2026-08-16 00:00:00",0
"UBA1","No Split","Quality","Full Delivery Failure","% FTFDF","2026-08-23 00:00:00",0.014184397163120567
"UBA1","No Split","Quality","Full Delivery Failure","% FTFDF","2026-08-30 00:00:00",0.006741573033707865
"UBA1","No Split","Quality","Full Delivery Failure","% FTFDF","2026-09-06 00:00:00",0.016611295681063124
"UBA1","No Split","Quality","Full Delivery Failure","% FOND","2026-06-28 00:00:00",0.0037105751391465678
"UBA1","No Split","Quality","Full Delivery Failure","% FOND","2026-07-05 00:00:00",0.003913894324853229
"UBA1","No Split","Quality","Full Delivery Failure","% FOND","2026-07-12 00:00:00",0.011441647597254004
"UBA1","No Split","Quality","Full Delivery Failure","% FOND","2026-07-19 00:00:00",0.007389162561576354
"UBA1","No Split","Quality","Full Delivery Failure","% FOND","2026-07-26 00:00:00",0.004618937644341801
"UBA1","No Split","Quality","Full Delivery Failure","% FOND","2026-08-02 00:00:00",0.014705882352941176
"UBA1","No Split","Quality","Full Delivery Failure","% FOND","2026-08-09 00:00:00",0.017142857142857144
"UBA1","No Split","Quality","Full Delivery Failure","% FOND","2026-08-16 00:00:00",0
"UBA1","No Split","Quality","Full Delivery Failure","% FOND","2026-08-23 00:00:00",0.014184397163120567
"UBA1","No Split","Quality","Full Delivery Failure","% FOND","2026-08-30 00:00:00",0.006741573033707865
"UBA1","No Split","Quality","Full Delivery Failure","% FOND","2026-09-06 00:00:00",0.016611295681063124
"UBA1","No Split","Quality","Full Delivery Failure","~ % FOND Ops controllable","2026-06-28 00:00:00",0
"UBA1","No Split","Quality","Full Delivery Failure","~ % FOND Ops controllable","2026-07-05 00:00:00",0.0019569471624266144
"UBA1","No Split","Quality","Full Delivery Failure","~ % FOND Ops controllable","2026-07-12 00:00:00",0.011441647597254004
"UBA1","No Split","Quality","Full Delivery Failure","~ % FOND Ops controllable","2026-07-19 00:00:00",0.0024630541871921183
"UBA1","No Split","Quality","Full Delivery Failure","~ % FOND Ops controllable","2026-07-26 00:00:00",0.0023094688221709007
"UBA1","No Split","Quality","Full Delivery Failure","~ % FOND Ops controllable","2026-08-02 00:00:00",0.0029411764705882353
"UBA1","No Split","Quality","Full Delivery Failure","~ % FOND Ops controllable","2026-08-09 00:00:00",0
"UBA1","No Split","Quality","Full Delivery Failure","~ % FOND Ops controllable","2026-08-16 00:00:00",0
"UBA1","No Split","Quality","Full Delivery Failure","~ % FOND Ops controllable","2026-08-23 00:00:00",0.0035460992907801418
"UBA1","No Split","Quality","Full Delivery Failure","~ % FOND Ops controllable","2026-08-30 00:00:00",0.0022471910112359553
"UBA1","No Split","Quality","Full Delivery Failure","~ % FOND Ops controllable","2026-09-06 00:00:00",0.013289036544850499
"UBA1","No Split","Quality","Full Delivery Failure","~ % FOND Picked up, address not found","2026-06-28 00:00:00",0
"UBA1","No Split","Quality","Full Delivery Failure","~ % FOND Picked up, address not found","2026-07-05 00:00:00",0
"UBA1","No Split","Quality","Full Delivery Failure","~ % FOND Picked up, address not found","2026-07-12 00:00:00",0
"UBA1","No Split","Quality","Full Delivery Failure","~ % FOND Picked up, address not found","2026-07-19 00:00:00",0
"UBA1","No Split","Quality","Full Delivery Failure","~ % FOND Picked up, address not found","2026-07-26 00:00:00",0
"UBA1","No Split","Quality","Full Delivery Failure","~ % FOND Picked up, address not found","2026-08-02 00:00:00",0
"UBA1","No Split","Quality","Full Delivery Failure","~ % FOND Picked up, address not found","2026-08-09 00:00:00",0
"UBA1","No Split","Quality","Full Delivery Failure","~ % FOND Picked up, address not found","2026-08-16 00:00:00",0
"UBA1","No Split","Quality","Full Delivery Failure","~ % FOND Picked up, address not found","2026-08-23 00:00:00",0
"UBA1","No Split","Quality","Full Delivery Failure","~ % FOND Picked up, address not found","2026-08-30 00:00:00",0
"UBA1","No Split","Quality","Full Delivery Failure","~ % FOND Picked up, address not found","2026-09-06 00:00:00",0.0033222591362126247
"UBA1","No Split","Quality","Full Delivery Failure","~ % FOND Picked up, age verification failed","2026-06-28 00:00:00",0
"UBA1","No Split","Quality","Full Delivery Failure","~ % FOND Picked up, age verification failed","2026-07-05 00:00:00",0
"UBA1","No Split","Quality","Full Delivery Failure","~ % FOND Picked up, age verification failed","2026-07-12 00:00:00",0
"UBA1","No Split","Quality","Full Delivery Failure","~ % FOND Picked up, age verification failed","2026-07-19 00:00:00",0
"UBA1","No Split","Quality","Full Delivery Failure","~ % FOND Picked up, age verification failed","2026-07-26 00:00:00",0
"UBA1","No Split","Quality","Full Delivery Failure","~ % FOND Picked up, age verification failed","2026-08-02 00:00:00",0
"UBA1","No Split","Quality","Full Delivery Failure","~ % FOND Picked up, age verification failed","2026-08-09 00:00:00",0
"UBA1","No Split","Quality","Full Delivery Failure","~ % FOND Picked up, age verification failed","2026-08-16 00:00:00",0
"UBA1","No Split","Quality","Full Delivery Failure","~ % FOND Picked up, age verification failed","2026-08-23 00:00:00",0
"UBA1","No Split","Quality","Full Delivery Failure","~ % FOND Picked up, age verification failed","2026-08-30 00:00:00",0
"UBA1","No Split","Quality","Full Delivery Failure","~ % FOND Picked up, age verification failed","2026-09-06 00:00:00",0
"UBA1","No Split","Quality","Full Delivery Failure","~ % FOND Picked up, customer unavailable","2026-06-28 00:00:00",0
"UBA1","No Split","Quality","Full Delivery Failure","~ % FOND Picked up, customer unavailable","2026-07-05 00:00:00",0.0019569471624266144
"UBA1","No Split","Quality","Full Delivery Failure","~ % FOND Picked up, customer unavailable","2026-07-12 00:00:00",0.002288329519450801
"UBA1","No Split","Quality","Full Delivery Failure","~ % FOND Picked up, customer unavailable","2026-07-19 00:00:00",0.0024630541871921183
"UBA1","No Split","Quality","Full Delivery Failure","~ % FOND Picked up, customer unavailable","2026-07-26 00:00:00",0
"UBA1","No Split","Quality","Full Delivery Failure","~ % FOND Picked up, customer unavailable","2026-08-02 00:00:00",0.0029411764705882353
"UBA1","No Split","Quality","Full Delivery Failure","~ % FOND Picked up, customer unavailable","2026-08-09 00:00:00",0
"UBA1","No Split","Quality","Full Delivery Failure","~ % FOND Picked up, customer unavailable","2026-08-16 00:00:00",0
"UBA1","No Split","Quality","Full Delivery Failure","~ % FOND Picked up, customer unavailable","2026-08-23 00:00:00",0.0035460992907801418
"UBA1","No Split","Quality","Full Delivery Failure","~ % FOND Picked up, customer unavailable","2026-08-30 00:00:00",0.0022471910112359553
"UBA1","No Split","Quality","Full Delivery Failure","~ % FOND Picked up, customer unavailable","2026-09-06 00:00:00",0
"UBA1","No Split","Quality","Full Delivery Failure","~ % FOND Picked up, inaccesible delivery location","2026-06-28 00:00:00",0
"UBA1","No Split","Quality","Full Delivery Failure","~ % FOND Picked up, inaccesible delivery location","2026-07-05 00:00:00",0
"UBA1","No Split","Quality","Full Delivery Failure","~ % FOND Picked up, inaccesible delivery location","2026-07-12 00:00:00",0.006864988558352402
"UBA1","No Split","Quality","Full Delivery Failure","~ % FOND Picked up, inaccesible delivery location","2026-07-19 00:00:00",0
"UBA1","No Split","Quality","Full Delivery Failure","~ % FOND Picked up, inaccesible delivery location","2026-07-26 00:00:00",0.0023094688221709007
"UBA1","No Split","Quality","Full Delivery Failure","~ % FOND Picked up, inaccesible delivery location","2026-08-02 00:00:00",0
"UBA1","No Split","Quality","Full Delivery Failure","~ % FOND Picked up, inaccesible delivery location","2026-08-09 00:00:00",0
"UBA1","No Split","Quality","Full Delivery Failure","~ % FOND Picked up, inaccesible delivery location","2026-08-16 00:00:00",0
"UBA1","No Split","Quality","Full Delivery Failure","~ % FOND Picked up, inaccesible delivery location","2026-08-23 00:00:00",0
"UBA1","No Split","Quality","Full Delivery Failure","~ % FOND Picked up, inaccesible delivery location","2026-08-30 00:00:00",0
"UBA1","No Split","Quality","Full Delivery Failure","~ % FOND Picked up, inaccesible delivery location","2026-09-06 00:00:00",0.006644518272425249
"UBA1","No Split","Quality","Full Delivery Failure","~ % FOND Picked up, item damaged","2026-06-28 00:00:00",0
"UBA1","No Split","Quality","Full Delivery Failure","~ % FOND Picked up, item damaged","2026-07-05 00:00:00",0
"UBA1","No Split","Quality","Full Delivery Failure","~ % FOND Picked up, item damaged","2026-07-12 00:00:00",0
"UBA1","No Split","Quality","Full Delivery Failure","~ % FOND Picked up, item damaged","2026-07-19 00:00:00",0
"UBA1","No Split","Quality","Full Delivery Failure","~ % FOND Picked up, item damaged","2026-07-26 00:00:00",0
"UBA1","No Split","Quality","Full Delivery Failure","~ % FOND Picked up, item damaged","2026-08-02 00:00:00",0
"UBA1","No Split","Quality","Full Delivery Failure","~ % FOND Picked up, item damaged","2026-08-09 00:00:00",0
"UBA1","No Split","Quality","Full Delivery Failure","~ % FOND Picked up, item damaged","2026-08-16 00:00:00",0
"UBA1","No Split","Quality","Full Delivery Failure","~ % FOND Picked up, item damaged","2026-08-23 00:00:00",0
"UBA1","No Split","Quality","Full Delivery Failure","~ % FOND Picked up, item damaged","2026-08-30 00:00:00",0
"UBA1","No Split","Quality","Full Delivery Failure","~ % FOND Picked up, item damaged","2026-09-06 00:00:00",0
"UBA1","No Split","Quality","Full Delivery Failure","~ % FOND Picked up, item incorrect","2026-06-28 00:00:00",0
"UBA1","No Split","Quality","Full Delivery Failure","~ % FOND Picked up, item incorrect","2026-07-05 00:00:00",0
"UBA1","No Split","Quality","Full Delivery Failure","~ % FOND Picked up, item incorrect","2026-07-12 00:00:00",0
"UBA1","No Split","Quality","Full Delivery Failure","~ % FOND Picked up, item incorrect","2026-07-19 00:00:00",0
"UBA1","No Split","Quality","Full Delivery Failure","~ % FOND Picked up, item incorrect","2026-07-26 00:00:00",0
"UBA1","No Split","Quality","Full Delivery Failure","~ % FOND Picked up, item incorrect","2026-08-02 00:00:00",0
"UBA1","No Split","Quality","Full Delivery Failure","~ % FOND Picked up, item incorrect","2026-08-09 00:00:00",0
"UBA1","No Split","Quality","Full Delivery Failure","~ % FOND Picked up, item incorrect","2026-08-16 00:00:00",0
"UBA1","No Split","Quality","Full Delivery Failure","~ % FOND Picked up, item incorrect","2026-08-23 00:00:00",0
"UBA1","No Split","Quality","Full Delivery Failure","~ % FOND Picked up, item incorrect","2026-08-30 00:00:00",0
"UBA1","No Split","Quality","Full Delivery Failure","~ % FOND Picked up, item incorrect","2026-09-06 00:00:00",0
"UBA1","No Split","Quality","Full Delivery Failure","~ % FOND Picked up, missing or incorrect access code","2026-06-28 00:00:00",0
"UBA1","No Split","Quality","Full Delivery Failure","~ % FOND Picked up, missing or incorrect access code","2026-07-05 00:00:00",0
"UBA1","No Split","Quality","Full Delivery Failure","~ % FOND Picked up, missing or incorrect access code","2026-07-12 00:00:00",0
"UBA1","No Split","Quality","Full Delivery Failure","~ % FOND Picked up, missing or incorrect access code","2026-07-19 00:00:00",0
"UBA1","No Split","Quality","Full Delivery Failure","~ % FOND Picked up, missing or incorrect access code","2026-07-26 00:00:00",0
"UBA1","No Split","Quality","Full Delivery Failure","~ % FOND Picked up, missing or incorrect access code","2026-08-02 00:00:00",0
"UBA1","No Split","Quality","Full Delivery Failure","~ % FOND Picked up, missing or incorrect access code","2026-08-09 00:00:00",0
"UBA1","No Split","Quality","Full Delivery Failure","~ % FOND Picked up, missing or incorrect access code","2026-08-16 00:00:00",0
"UBA1","No Split","Quality","Full Delivery Failure","~ % FOND Picked up, missing or incorrect access code","2026-08-23 00:00:00",0
"UBA1","No Split","Quality","Full Delivery Failure","~ % FOND Picked up, missing or incorrect access code","2026-08-30 00:00:00",0
"UBA1","No Split","Quality","Full Delivery Failure","~ % FOND Picked up, missing or incorrect access code","2026-09-06 00:00:00",0
"UBA1","No Split","Quality","Full Delivery Failure","~ % FOND Picked up, no items delivered","2026-06-28 00:00:00",0
"UBA1","No Split","Quality","Full Delivery Failure","~ % FOND Picked up, no items delivered","2026-07-05 00:00:00",0
"UBA1","No Split","Quality","Full Delivery Failure","~ % FOND Picked up, no items delivered","2026-07-12 00:00:00",0
"UBA1","No Split","Quality","Full Delivery Failure","~ % FOND Picked up, no items delivered","2026-07-19 00:00:00",0
"UBA1","No Split","Quality","Full Delivery Failure","~ % FOND Picked up, no items delivered","2026-07-26 00:00:00",0
"UBA1","No Split","Quality","Full Delivery Failure","~ % FOND Picked up, no items delivered","2026-08-02 00:00:00",0
"UBA1","No Split","Quality","Full Delivery Failure","~ % FOND Picked up, no items delivered","2026-08-09 00:00:00",0
"UBA1","No Split","Quality","Full Delivery Failure","~ % FOND Picked up, no items delivered","2026-08-16 00:00:00",0
"UBA1","No Split","Quality","Full Delivery Failure","~ % FOND Picked up, no items delivered","2026-08-23 00:00:00",0
"UBA1","No Split","Quality","Full Delivery Failure","~ % FOND Picked up, no items delivered","2026-08-30 00:00:00",0
"UBA1","No Split","Quality","Full Delivery Failure","~ % FOND Picked up, no items delivered","2026-09-06 00:00:00",0
"UBA1","No Split","Quality","Full Delivery Failure","~ % FOND Picked up, no secure location","2026-06-28 00:00:00",0
"UBA1","No Split","Quality","Full Delivery Failure","~ % FOND Picked up, no secure location","2026-07-05 00:00:00",0
"UBA1","No Split","Quality","Full Delivery Failure","~ % FOND Picked up, no secure location","2026-07-12 00:00:00",0.002288329519450801
"UBA1","No Split","Quality","Full Delivery Failure","~ % FOND Picked up, no secure location","2026-07-19 00:00:00",0
"UBA1","No Split","Quality","Full Delivery Failure","~ % FOND Picked up, no secure location","2026-07-26 00:00:00",0
"UBA1","No Split","Quality","Full Delivery Failure","~ % FOND Picked up, no secure location","2026-08-02 00:00:00",0
"UBA1","No Split","Quality","Full Delivery Failure","~ % FOND Picked up, no secure location","2026-08-09 00:00:00",0
"UBA1","No Split","Quality","Full Delivery Failure","~ % FOND Picked up, no secure location","2026-08-16 00:00:00",0
"UBA1","No Split","Quality","Full Delivery Failure","~ % FOND Picked up, no secure location","2026-08-23 00:00:00",0
"UBA1","No Split","Quality","Full Delivery Failure","~ % FOND Picked up, no secure location","2026-08-30 00:00:00",0
"UBA1","No Split","Quality","Full Delivery Failure","~ % FOND Picked up, no secure location","2026-09-06 00:00:00",0.0033222591362126247
"UBA1","No Split","Quality","Full Delivery Failure","~ % FOND Picked up, object missing","2026-06-28 00:00:00",0
"UBA1","No Split","Quality","Full Delivery Failure","~ % FOND Picked up, object missing","2026-07-05 00:00:00",0
"UBA1","No Split","Quality","Full Delivery Failure","~ % FOND Picked up, object missing","2026-07-12 00:00:00",0
"UBA1","No Split","Quality","Full Delivery Failure","~ % FOND Picked up, object missing","2026-07-19 00:00:00",0
"UBA1","No Split","Quality","Full Delivery Failure","~ % FOND Picked up, object missing","2026-07-26 00:00:00",0
"UBA1","No Split","Quality","Full Delivery Failure","~ % FOND Picked up, object missing","2026-08-02 00:00:00",0
"UBA1","No Split","Quality","Full Delivery Failure","~ % FOND Picked up, object missing","2026-08-09 00:00:00",0
"UBA1","No Split","Quality","Full Delivery Failure","~ % FOND Picked up, object missing","2026-08-16 00:00:00",0
"UBA1","No Split","Quality","Full Delivery Failure","~ % FOND Picked up, object missing","2026-08-23 00:00:00",0
"UBA1","No Split","Quality","Full Delivery Failure","~ % FOND Picked up, object missing","2026-08-30 00:00:00",0
"UBA1","No Split","Quality","Full Delivery Failure","~ % FOND Picked up, object missing","2026-09-06 00:00:00",0
"UBA1","No Split","Quality","Full Delivery Failure","~ % FOND Picked up, rejected","2026-06-28 00:00:00",0
"UBA1","No Split","Quality","Full Delivery Failure","~ % FOND Picked up, rejected","2026-07-05 00:00:00",0
"UBA1","No Split","Quality","Full Delivery Failure","~ % FOND Picked up, rejected","2026-07-12 00:00:00",0
"UBA1","No Split","Quality","Full Delivery Failure","~ % FOND Picked up, rejected","2026-07-19 00:00:00",0
"UBA1","No Split","Quality","Full Delivery Failure","~ % FOND Picked up, rejected","2026-07-26 00:00:00",0
"UBA1","No Split","Quality","Full Delivery Failure","~ % FOND Picked up, rejected","2026-08-02 00:00:00",0
"UBA1","No Split","Quality","Full Delivery Failure","~ % FOND Picked up, rejected","2026-08-09 00:00:00",0
"UBA1","No Split","Quality","Full Delivery Failure","~ % FOND Picked up, rejected","2026-08-16 00:00:00",0
"UBA1","No Split","Quality","Full Delivery Failure","~ % FOND Picked up, rejected","2026-08-23 00:00:00",0
"UBA1","No Split","Quality","Full Delivery Failure","~ % FOND Picked up, rejected","2026-08-30 00:00:00",0
"UBA1","No Split","Quality","Full Delivery Failure","~ % FOND Picked up, rejected","2026-09-06 00:00:00",0
"UBA1","No Split","Quality","Full Delivery Failure","~ % FOND Picked up, other","2026-06-28 00:00:00",0
"UBA1","No Split","Quality","Full Delivery Failure","~ % FOND Picked up, other","2026-07-05 00:00:00",0
"UBA1","No Split","Quality","Full Delivery Failure","~ % FOND Picked up, other","2026-07-12 00:00:00",0
"UBA1","No Split","Quality","Full Delivery Failure","~ % FOND Picked up, other","2026-07-19 00:00:00",0
"UBA1","No Split","Quality","Full Delivery Failure","~ % FOND Picked up, other","2026-07-26 00:00:00",0
"UBA1","No Split","Quality","Full Delivery Failure","~ % FOND Picked up, other","2026-08-02 00:00:00",0
"UBA1","No Split","Quality","Full Delivery Failure","~ % FOND Picked up, other","2026-08-09 00:00:00",0
"UBA1","No Split","Quality","Full Delivery Failure","~ % FOND Picked up, other","2026-08-16 00:00:00",0
"UBA1","No Split","Quality","Full Delivery Failure","~ % FOND Picked up, other","2026-08-23 00:00:00",0
"UBA1","No Split","Quality","Full Delivery Failure","~ % FOND Picked up, other","2026-08-30 00:00:00",0
"UBA1","No Split","Quality","Full Delivery Failure","~ % FOND Picked up, other","2026-09-06 00:00:00",0
"UBA1","No Split","Quality","Full Delivery Failure","% FTDC","2026-06-28 00:00:00",0
"UBA1","No Split","Quality","Full Delivery Failure","% FTDC","2026-07-05 00:00:00",0
"UBA1","No Split","Quality","Full Delivery Failure","% FTDC","2026-07-12 00:00:00",0.009153318077803204
"UBA1","No Split","Quality","Full Delivery Failure","% FTDC","2026-07-19 00:00:00",0.007389162561576354
"UBA1","No Split","Quality","Full Delivery Failure","% FTDC","2026-07-26 00:00:00",0
"UBA1","No Split","Quality","Full Delivery Failure","% FTDC","2026-08-02 00:00:00",0
"UBA1","No Split","Quality","Full Delivery Failure","% FTDC","2026-08-09 00:00:00",0
"UBA1","No Split","Quality","Full Delivery Failure","% FTDC","2026-08-16 00:00:00",0
"UBA1","No Split","Quality","Full Delivery Failure","% FTDC","2026-08-23 00:00:00",0
"UBA1","No Split","Quality","Full Delivery Failure","% FTDC","2026-08-30 00:00:00",0
"UBA1","No Split","Quality","Full Delivery Failure","% FTDC","2026-09-06 00:00:00",0
"UBA1","No Split","Quality","Full Delivery Failure","% PSC","2026-06-28 00:00:00",0
"UBA1","No Split","Quality","Full Delivery Failure","% PSC","2026-07-05 00:00:00",0
"UBA1","No Split","Quality","Full Delivery Failure","% PSC","2026-07-12 00:00:00",0.009153318077803204
"UBA1","No Split","Quality","Full Delivery Failure","% PSC","2026-07-19 00:00:00",0.007389162561576354
"UBA1","No Split","Quality","Full Delivery Failure","% PSC","2026-07-26 00:00:00",0
"UBA1","No Split","Quality","Full Delivery Failure","% PSC","2026-08-02 00:00:00",0
"UBA1","No Split","Quality","Full Delivery Failure","% PSC","2026-08-09 00:00:00",0
"UBA1","No Split","Quality","Full Delivery Failure","% PSC","2026-08-16 00:00:00",0
"UBA1","No Split","Quality","Full Delivery Failure","% PSC","2026-08-23 00:00:00",0
"UBA1","No Split","Quality","Full Delivery Failure","% PSC","2026-08-30 00:00:00",0
"UBA1","No Split","Quality","Full Delivery Failure","% PSC","2026-09-06 00:00:00",0
"UBA1","No Split","Quality","Full Delivery Failure","~ % PSC Not assigned","2026-06-28 00:00:00",0
"UBA1","No Split","Quality","Full Delivery Failure","~ % PSC Not assigned","2026-07-05 00:00:00",0
"UBA1","No Split","Quality","Full Delivery Failure","~ % PSC Not assigned","2026-07-12 00:00:00",0
"UBA1","No Split","Quality","Full Delivery Failure","~ % PSC Not assigned","2026-07-19 00:00:00",0
"UBA1","No Split","Quality","Full Delivery Failure","~ % PSC Not assigned","2026-07-26 00:00:00",0
"UBA1","No Split","Quality","Full Delivery Failure","~ % PSC Not assigned","2026-08-02 00:00:00",0
"UBA1","No Split","Quality","Full Delivery Failure","~ % PSC Not assigned","2026-08-09 00:00:00",0
"UBA1","No Split","Quality","Full Delivery Failure","~ % PSC Not assigned","2026-08-16 00:00:00",0
"UBA1","No Split","Quality","Full Delivery Failure","~ % PSC Not assigned","2026-08-23 00:00:00",0
"UBA1","No Split","Quality","Full Delivery Failure","~ % PSC Not assigned","2026-08-30 00:00:00",0
"UBA1","No Split","Quality","Full Delivery Failure","~ % PSC Not assigned","2026-09-06 00:00:00",0
"UBA1","No Split","Quality","Full Delivery Failure","~ % PSC Assigned, not picked up","2026-06-28 00:00:00",0
"UBA1","No Split","Quality","Full Delivery Failure","~ % PSC Assigned, not picked up","2026-07-05 00:00:00",0
"UBA1","No Split","Quality","Full Delivery Failure","~ % PSC Assigned, not picked up","2026-07-12 00:00:00",0.009153318077803204
"UBA1","No Split","Quality","Full Delivery Failure","~ % PSC Assigned, not picked up","2026-07-19 00:00:00",0.007389162561576354
"UBA1","No Split","Quality","Full Delivery Failure","~ % PSC Assigned, not picked up","2026-07-26 00:00:00",0
"UBA1","No Split","Quality","Full Delivery Failure","~ % PSC Assigned, not picked up","2026-08-02 00:00:00",0
"UBA1","No Split","Quality","Full Delivery Failure","~ % PSC Assigned, not picked up","2026-08-09 00:00:00",0
"UBA1","No Split","Quality","Full Delivery Failure","~ % PSC Assigned, not picked up","2026-08-16 00:00:00",0
"UBA1","No Split","Quality","Full Delivery Failure","~ % PSC Assigned, not picked up","2026-08-23 00:00:00",0
"UBA1","No Split","Quality","Full Delivery Failure","~ % PSC Assigned, not picked up","2026-08-30 00:00:00",0
"UBA1","No Split","Quality","Full Delivery Failure","~ % PSC Assigned, not picked up","2026-09-06 00:00:00",0
"UBA1","No Split","Quality","Full Delivery Failure","~ % PSC Picked up, not delivered","2026-06-28 00:00:00",0
"UBA1","No Split","Quality","Full Delivery Failure","~ % PSC Picked up, not delivered","2026-07-05 00:00:00",0
"UBA1","No Split","Quality","Full Delivery Failure","~ % PSC Picked up, not delivered","2026-07-12 00:00:00",0
"UBA1","No Split","Quality","Full Delivery Failure","~ % PSC Picked up, not delivered","2026-07-19 00:00:00",0
"UBA1","No Split","Quality","Full Delivery Failure","~ % PSC Picked up, not delivered","2026-07-26 00:00:00",0
"UBA1","No Split","Quality","Full Delivery Failure","~ % PSC Picked up, not delivered","2026-08-02 00:00:00",0
"UBA1","No Split","Quality","Full Delivery Failure","~ % PSC Picked up, not delivered","2026-08-09 00:00:00",0
"UBA1","No Split","Quality","Full Delivery Failure","~ % PSC Picked up, not delivered","2026-08-16 00:00:00",0
"UBA1","No Split","Quality","Full Delivery Failure","~ % PSC Picked up, not delivered","2026-08-23 00:00:00",0
"UBA1","No Split","Quality","Full Delivery Failure","~ % PSC Picked up, not delivered","2026-08-30 00:00:00",0
"UBA1","No Split","Quality","Full Delivery Failure","~ % PSC Picked up, not delivered","2026-09-06 00:00:00",0
"UBA1","No Split","Quality","Full Delivery Failure","~ % PSC Unknown ops cancellation","2026-06-28 00:00:00",0
"UBA1","No Split","Quality","Full Delivery Failure","~ % PSC Unknown ops cancellation","2026-07-05 00:00:00",0
"UBA1","No Split","Quality","Full Delivery Failure","~ % PSC Unknown ops cancellation","2026-07-12 00:00:00",0
"UBA1","No Split","Quality","Full Delivery Failure","~ % PSC Unknown ops cancellation","2026-07-19 00:00:00",0
"UBA1","No Split","Quality","Full Delivery Failure","~ % PSC Unknown ops cancellation","2026-07-26 00:00:00",0
"UBA1","No Split","Quality","Full Delivery Failure","~ % PSC Unknown ops cancellation","2026-08-02 00:00:00",0
"UBA1","No Split","Quality","Full Delivery Failure","~ % PSC Unknown ops cancellation","2026-08-09 00:00:00",0
"UBA1","No Split","Quality","Full Delivery Failure","~ % PSC Unknown ops cancellation","2026-08-16 00:00:00",0
"UBA1","No Split","Quality","Full Delivery Failure","~ % PSC Unknown ops cancellation","2026-08-23 00:00:00",0
"UBA1","No Split","Quality","Full Delivery Failure","~ % PSC Unknown ops cancellation","2026-08-30 00:00:00",0
"UBA1","No Split","Quality","Full Delivery Failure","~ % PSC Unknown ops cancellation","2026-09-06 00:00:00",0
"UBA1","No Split","Quality","Full Delivery Failure","% FDNR","2026-06-28 00:00:00",0
"UBA1","No Split","Quality","Full Delivery Failure","% FDNR","2026-07-05 00:00:00",0
"UBA1","No Split","Quality","Full Delivery Failure","% FDNR","2026-07-12 00:00:00",0.002288329519450801
"UBA1","No Split","Quality","Full Delivery Failure","% FDNR","2026-07-19 00:00:00",0
"UBA1","No Split","Quality","Full Delivery Failure","% FDNR","2026-07-26 00:00:00",0.0023094688221709007
"UBA1","No Split","Quality","Full Delivery Failure","% FDNR","2026-08-02 00:00:00",0
"UBA1","No Split","Quality","Full Delivery Failure","% FDNR","2026-08-09 00:00:00",0
"UBA1","No Split","Quality","Full Delivery Failure","% FDNR","2026-08-16 00:00:00",0
"UBA1","No Split","Quality","Full Delivery Failure","% FDNR","2026-08-23 00:00:00",0.014184397163120567
"UBA1","No Split","Quality","Full Delivery Failure","% FDNR","2026-08-30 00:00:00",0
"UBA1","No Split","Quality","Full Delivery Failure","% FDNR","2026-09-06 00:00:00",0
"UBA1","No Split","Quality","Partial Delivery Failure","% FTPDF","2026-06-28 00:00:00",0.0037105751391465678
"UBA1","No Split","Quality","Partial Delivery Failure","% FTPDF","2026-07-05 00:00:00",0.003913894324853229
"UBA1","No Split","Quality","Partial Delivery Failure","% FTPDF","2026-07-12 00:00:00",0.002288329519450801
"UBA1","No Split","Quality","Partial Delivery Failure","% FTPDF","2026-07-19 00:00:00",0.0049261083743842365
"UBA1","No Split","Quality","Partial Delivery Failure","% FTPDF","2026-07-26 00:00:00",0.013856812933025405
"UBA1","No Split","Quality","Partial Delivery Failure","% FTPDF","2026-08-02 00:00:00",0.0029411764705882353
"UBA1","No Split","Quality","Partial Delivery Failure","% FTPDF","2026-08-09 00:00:00",0
"UBA1","No Split","Quality","Partial Delivery Failure","% FTPDF","2026-08-16 00:00:00",0.012195121951219513
"UBA1","No Split","Quality","Partial Delivery Failure","% FTPDF","2026-08-23 00:00:00",0.0035460992907801418
"UBA1","No Split","Quality","Partial Delivery Failure","% FTPDF","2026-08-30 00:00:00",0.008988764044943821
"UBA1","No Split","Quality","Partial Delivery Failure","% FTPDF","2026-09-06 00:00:00",0.019933554817275746
"UBA1","No Split","Quality","Partial Delivery Failure","% POND","2026-06-28 00:00:00",0.0037105751391465678
"UBA1","No Split","Quality","Partial Delivery Failure","% POND","2026-07-05 00:00:00",0.003913894324853229
"UBA1","No Split","Quality","Partial Delivery Failure","% POND","2026-07-12 00:00:00",0.002288329519450801
"UBA1","No Split","Quality","Partial Delivery Failure","% POND","2026-07-19 00:00:00",0.0049261083743842365
"UBA1","No Split","Quality","Partial Delivery Failure","% POND","2026-07-26 00:00:00",0.013856812933025405
"UBA1","No Split","Quality","Partial Delivery Failure","% POND","2026-08-02 00:00:00",0.0029411764705882353
"UBA1","No Split","Quality","Partial Delivery Failure","% POND","2026-08-09 00:00:00",0
"UBA1","No Split","Quality","Partial Delivery Failure","% POND","2026-08-16 00:00:00",0.012195121951219513
"UBA1","No Split","Quality","Partial Delivery Failure","% POND","2026-08-23 00:00:00",0.0035460992907801418
"UBA1","No Split","Quality","Partial Delivery Failure","% POND","2026-08-30 00:00:00",0.008988764044943821
"UBA1","No Split","Quality","Partial Delivery Failure","% POND","2026-09-06 00:00:00",0.019933554817275746
"UBA1","No Split","Quality","Partial Delivery Failure","% PDNR","2026-06-28 00:00:00",0.014842300556586271
"UBA1","No Split","Quality","Partial Delivery Failure","% PDNR","2026-07-05 00:00:00",0.01761252446183953
"UBA1","No Split","Quality","Partial Delivery Failure","% PDNR","2026-07-12 00:00:00",0.009153318077803204
"UBA1","No Split","Quality","Partial Delivery Failure","% PDNR","2026-07-19 00:00:00",0.0049261083743842365
"UBA1","No Split","Quality","Partial Delivery Failure","% PDNR","2026-07-26 00:00:00",0.018475750577367205
"UBA1","No Split","Quality","Partial Delivery Failure","% PDNR","2026-08-02 00:00:00",0.011764705882352941
"UBA1","No Split","Quality","Partial Delivery Failure","% PDNR","2026-08-09 00:00:00",0.017142857142857144
"UBA1","No Split","Quality","Partial Delivery Failure","% PDNR","2026-08-16 00:00:00",0.018292682926829267
"UBA1","No Split","Quality","Partial Delivery Failure","% PDNR","2026-08-23 00:00:00",0.031914893617021274
"UBA1","No Split","Quality","Partial Delivery Failure","% PDNR","2026-08-30 00:00:00",0.011235955056179775
"UBA1","No Split","Quality","Partial Delivery Failure","% PDNR","2026-09-06 00:00:00",0.0033222591362126247
"UBA1","No Split","Quality","Partial Delivery Failure","% Damage Items","2026-06-28 00:00:00",0.012987012987012988
"UBA1","No Split","Quality","Partial Delivery Failure","% Damage Items","2026-07-05 00:00:00",0.011741682974559686
"UBA1","No Split","Quality","Partial Delivery Failure","% Damage Items","2026-07-12 00:00:00",0.018306636155606407
"UBA1","No Split","Quality","Partial Delivery Failure","% Damage Items","2026-07-19 00:00:00",0.019704433497536946
"UBA1","No Split","Quality","Partial Delivery Failure","% Damage Items","2026-07-26 00:00:00",0.011547344110854504
"UBA1","No Split","Quality","Partial Delivery Failure","% Damage Items","2026-08-02 00:00:00",0.014705882352941176
"UBA1","No Split","Quality","Partial Delivery Failure","% Damage Items","2026-08-09 00:00:00",0.005714285714285714
"UBA1","No Split","Quality","Partial Delivery Failure","% Damage Items","2026-08-16 00:00:00",0.012195121951219513
"UBA1","No Split","Quality","Partial Delivery Failure","% Damage Items","2026-08-23 00:00:00",0.02127659574468085
"UBA1","No Split","Quality","Partial Delivery Failure","% Damage Items","2026-08-30 00:00:00",0.02247191011235955
"UBA1","No Split","Quality","Partial Delivery Failure","% Damage Items","2026-09-06 00:00:00",0.0033222591362126247
"UBA1","No Split","Quality","Partial Delivery Failure","% Missing Items","2026-06-28 00:00:00",0.022263450834879406
"UBA1","No Split","Quality","Partial Delivery Failure","% Missing Items","2026-07-05 00:00:00",0.023483365949119372
"UBA1","No Split","Quality","Partial Delivery Failure","% Missing Items","2026-07-12 00:00:00",0.02517162471395881
"UBA1","No Split","Quality","Partial Delivery Failure","% Missing Items","2026-07-19 00:00:00",0.027093596059113302
"UBA1","No Split","Quality","Partial Delivery Failure","% Missing Items","2026-07-26 00:00:00",0.046189376443418015
"UBA1","No Split","Quality","Partial Delivery Failure","% Missing Items","2026-08-02 00:00:00",0.04411764705882353
"UBA1","No Split","Quality","Partial Delivery Failure","% Missing Items","2026-08-09 00:00:00",0.02857142857142857
"UBA1","No Split","Quality","Partial Delivery Failure","% Missing Items","2026-08-16 00:00:00",0.054878048780487805
"UBA1","No Split","Quality","Partial Delivery Failure","% Missing Items","2026-08-23 00:00:00",0.05319148936170213
"UBA1","No Split","Quality","Partial Delivery Failure","% Missing Items","2026-08-30 00:00:00",0.02247191011235955
"UBA1","No Split","Quality","Partial Delivery Failure","% Missing Items","2026-09-06 00:00:00",0.009966777408637873
"UBA1","No Split","Quality","Partial Delivery Failure","% Full bag damaged","2026-06-28 00:00:00",0.0037105751391465678
"UBA1","No Split","Quality","Partial Delivery Failure","% Full bag damaged","2026-07-05 00:00:00",0.0019569471624266144
"UBA1","No Split","Quality","Partial Delivery Failure","% Full bag damaged","2026-07-12 00:00:00",0.004576659038901602
"UBA1","No Split","Quality","Partial Delivery Failure","% Full bag damaged","2026-07-19 00:00:00",0.0049261083743842365
"UBA1","No Split","Quality","Partial Delivery Failure","% Full bag damaged","2026-07-26 00:00:00",0
"UBA1","No Split","Quality","Partial Delivery Failure","% Full bag damaged","2026-08-02 00:00:00",0
"UBA1","No Split","Quality","Partial Delivery Failure","% Full bag damaged","2026-08-09 00:00:00",0
"UBA1","No Split","Quality","Partial Delivery Failure","% Full bag damaged","2026-08-16 00:00:00",0
"UBA1","No Split","Quality","Partial Delivery Failure","% Full bag damaged","2026-08-23 00:00:00",0.0035460992907801418
"UBA1","No Split","Quality","Partial Delivery Failure","% Full bag damaged","2026-08-30 00:00:00",0.0022471910112359553
"UBA1","No Split","Quality","Partial Delivery Failure","% Full bag damaged","2026-09-06 00:00:00",0
"UBA1","No Split","Quality","Partial Delivery Failure","~ % Full bag damaged ambient","2026-06-28 00:00:00",0.0018552875695732839
"UBA1","No Split","Quality","Partial Delivery Failure","~ % Full bag damaged ambient","2026-07-05 00:00:00",0
"UBA1","No Split","Quality","Partial Delivery Failure","~ % Full bag damaged ambient","2026-07-12 00:00:00",0
"UBA1","No Split","Quality","Partial Delivery Failure","~ % Full bag damaged ambient","2026-07-19 00:00:00",0.0024630541871921183
"UBA1","No Split","Quality","Partial Delivery Failure","~ % Full bag damaged ambient","2026-07-26 00:00:00",0
"UBA1","No Split","Quality","Partial Delivery Failure","~ % Full bag damaged ambient","2026-08-02 00:00:00",0
"UBA1","No Split","Quality","Partial Delivery Failure","~ % Full bag damaged ambient","2026-08-09 00:00:00",0
"UBA1","No Split","Quality","Partial Delivery Failure","~ % Full bag damaged ambient","2026-08-16 00:00:00",0
"UBA1","No Split","Quality","Partial Delivery Failure","~ % Full bag damaged ambient","2026-08-23 00:00:00",0
"UBA1","No Split","Quality","Partial Delivery Failure","~ % Full bag damaged ambient","2026-08-30 00:00:00",0.0022471910112359553
"UBA1","No Split","Quality","Partial Delivery Failure","~ % Full bag damaged ambient","2026-09-06 00:00:00",0
"UBA1","No Split","Quality","Partial Delivery Failure","~ % Full bag damaged cold","2026-06-28 00:00:00",0.0018552875695732839
"UBA1","No Split","Quality","Partial Delivery Failure","~ % Full bag damaged cold","2026-07-05 00:00:00",0.0019569471624266144
"UBA1","No Split","Quality","Partial Delivery Failure","~ % Full bag damaged cold","2026-07-12 00:00:00",0.004576659038901602
"UBA1","No Split","Quality","Partial Delivery Failure","~ % Full bag damaged cold","2026-07-19 00:00:00",0.0024630541871921183
"UBA1","No Split","Quality","Partial Delivery Failure","~ % Full bag damaged cold","2026-07-26 00:00:00",0
"UBA1","No Split","Quality","Partial Delivery Failure","~ % Full bag damaged cold","2026-08-02 00:00:00",0
"UBA1","No Split","Quality","Partial Delivery Failure","~ % Full bag damaged cold","2026-08-09 00:00:00",0
"UBA1","No Split","Quality","Partial Delivery Failure","~ % Full bag damaged cold","2026-08-16 00:00:00",0
"UBA1","No Split","Quality","Partial Delivery Failure","~ % Full bag damaged cold","2026-08-23 00:00:00",0.0035460992907801418
"UBA1","No Split","Quality","Partial Delivery Failure","~ % Full bag damaged cold","2026-08-30 00:00:00",0
"UBA1","No Split","Quality","Partial Delivery Failure","~ % Full bag damaged cold","2026-09-06 00:00:00",0
"UBA1","No Split","Quality","Partial Delivery Failure","% Bag Almost Fully Damaged","2026-06-28 00:00:00",0
"UBA1","No Split","Quality","Partial Delivery Failure","% Bag Almost Fully Damaged","2026-07-05 00:00:00",0.0019569471624266144
"UBA1","No Split","Quality","Partial Delivery Failure","% Bag Almost Fully Damaged","2026-07-12 00:00:00",0
"UBA1","No Split","Quality","Partial Delivery Failure","% Bag Almost Fully Damaged","2026-07-19 00:00:00",0
"UBA1","No Split","Quality","Partial Delivery Failure","% Bag Almost Fully Damaged","2026-07-26 00:00:00",0.0023094688221709007
"UBA1","No Split","Quality","Partial Delivery Failure","% Bag Almost Fully Damaged","2026-08-02 00:00:00",0.0029411764705882353
"UBA1","No Split","Quality","Partial Delivery Failure","% Bag Almost Fully Damaged","2026-08-09 00:00:00",0
"UBA1","No Split","Quality","Partial Delivery Failure","% Bag Almost Fully Damaged","2026-08-16 00:00:00",0
"UBA1","No Split","Quality","Partial Delivery Failure","% Bag Almost Fully Damaged","2026-08-23 00:00:00",0
"UBA1","No Split","Quality","Partial Delivery Failure","% Bag Almost Fully Damaged","2026-08-30 00:00:00",0
"UBA1","No Split","Quality","Partial Delivery Failure","% Bag Almost Fully Damaged","2026-09-06 00:00:00",0
"UBA1","No Split","Quality","RME","% RME Happy","2026-06-28 00:00:00",0.5584415584415584
"UBA1","No Split","Quality","RME","% RME Happy","2026-07-05 00:00:00",0.654320987654321
"UBA1","No Split","Quality","RME","% RME Happy","2026-07-12 00:00:00",0.64
"UBA1","No Split","Quality","RME","% RME Happy","2026-07-19 00:00:00",0.7222222222222222
"UBA1","No Split","Quality","RME","% RME Happy","2026-07-26 00:00:00",0.5737704918032787
"UBA1","No Split","Quality","RME","% RME Happy","2026-08-02 00:00:00",0.647887323943662
"UBA1","No Split","Quality","RME","% RME Happy","2026-08-09 00:00:00",0.6410256410256411
"UBA1","No Split","Quality","RME","% RME Happy","2026-08-16 00:00:00",0.5588235294117647
"UBA1","No Split","Quality","RME","% RME Happy","2026-08-23 00:00:00",0.46153846153846156
"UBA1","No Split","Quality","RME","% RME Happy","2026-08-30 00:00:00",0.5396825396825397
"UBA1","No Split","Quality","RME","% RME Happy","2026-09-06 00:00:00",0.6551724137931034
"UBA1","No Split","Quality","RME","% RME Damaged Item","2026-06-28 00:00:00",0.06493506493506493
"UBA1","No Split","Quality","RME","% RME Damaged Item","2026-07-05 00:00:00",0.024691358024691357
"UBA1","No Split","Quality","RME","% RME Damaged Item","2026-07-12 00:00:00",0.013333333333333334
"UBA1","No Split","Quality","RME","% RME Damaged Item","2026-07-19 00:00:00",0.05555555555555555
"UBA1","No Split","Quality","RME","% RME Damaged Item","2026-07-26 00:00:00",0.03278688524590164
"UBA1","No Split","Quality","RME","% RME Damaged Item","2026-08-02 00:00:00",0.028169014084507043
"UBA1","No Split","Quality","RME","% RME Damaged Item","2026-08-09 00:00:00",0.05128205128205128
"UBA1","No Split","Quality","RME","% RME Damaged Item","2026-08-16 00:00:00",
"UBA1","No Split","Quality","RME","% RME Damaged Item","2026-08-23 00:00:00",0.019230769230769232
"UBA1","No Split","Quality","RME","% RME Damaged Item","2026-08-30 00:00:00",0.09523809523809523
"UBA1","No Split","Quality","RME","% RME Damaged Item","2026-09-06 00:00:00",0.034482758620689655
"UBA1","No Split","Quality","RME","% RME Instructions not followed","2026-06-28 00:00:00",0.07792207792207792
"UBA1","No Split","Quality","RME","% RME Instructions not followed","2026-07-05 00:00:00",0.14814814814814814
"UBA1","No Split","Quality","RME","% RME Instructions not followed","2026-07-12 00:00:00",0.09333333333333334
"UBA1","No Split","Quality","RME","% RME Instructions not followed","2026-07-19 00:00:00",0.1111111111111111
"UBA1","No Split","Quality","RME","% RME Instructions not followed","2026-07-26 00:00:00",0.08196721311475409
"UBA1","No Split","Quality","RME","% RME Instructions not followed","2026-08-02 00:00:00",0.056338028169014086
"UBA1","No Split","Quality","RME","% RME Instructions not followed","2026-08-09 00:00:00",0.02564102564102564
"UBA1","No Split","Quality","RME","% RME Instructions not followed","2026-08-16 00:00:00",0.058823529411764705
"UBA1","No Split","Quality","RME","% RME Instructions not followed","2026-08-23 00:00:00",0.09615384615384616
"UBA1","No Split","Quality","RME","% RME Instructions not followed","2026-08-30 00:00:00",0.12698412698412698
"UBA1","No Split","Quality","RME","% RME Instructions not followed","2026-09-06 00:00:00",0.034482758620689655
"UBA1","No Split","Quality","RME","% RME Bags damaged","2026-06-28 00:00:00",0.03896103896103896
"UBA1","No Split","Quality","RME","% RME Bags damaged","2026-07-05 00:00:00",0.024691358024691357
"UBA1","No Split","Quality","RME","% RME Bags damaged","2026-07-12 00:00:00",
"UBA1","No Split","Quality","RME","% RME Bags damaged","2026-07-19 00:00:00",0.037037037037037035
"UBA1","No Split","Quality","RME","% RME Bags damaged","2026-07-26 00:00:00",0.04918032786885246
"UBA1","No Split","Quality","RME","% RME Bags damaged","2026-08-02 00:00:00",0.04225352112676056
"UBA1","No Split","Quality","RME","% RME Bags damaged","2026-08-09 00:00:00",0.02564102564102564
"UBA1","No Split","Quality","RME","% RME Bags damaged","2026-08-16 00:00:00",0.029411764705882353
"UBA1","No Split","Quality","RME","% RME Bags damaged","2026-08-23 00:00:00",0.038461538461538464
"UBA1","No Split","Quality","RME","% RME Bags damaged","2026-08-30 00:00:00",0.031746031746031744
"UBA1","No Split","Quality","RME","% RME Bags damaged","2026-09-06 00:00:00",
"UBA1","No Split","Quality","RME","% RME Inappropriate Driver Conduct","2026-06-28 00:00:00",0.15584415584415584
"UBA1","No Split","Quality","RME","% RME Inappropriate Driver Conduct","2026-07-05 00:00:00",0.1111111111111111
"UBA1","No Split","Quality","RME","% RME Inappropriate Driver Conduct","2026-07-12 00:00:00",0.10666666666666667
"UBA1","No Split","Quality","RME","% RME Inappropriate Driver Conduct","2026-07-19 00:00:00",0.05555555555555555
"UBA1","No Split","Quality","RME","% RME Inappropriate Driver Conduct","2026-07-26 00:00:00",0.13114754098360656
"UBA1","No Split","Quality","RME","% RME Inappropriate Driver Conduct","2026-08-02 00:00:00",0.08450704225352113
"UBA1","No Split","Quality","RME","% RME Inappropriate Driver Conduct","2026-08-09 00:00:00",0.15384615384615385
"UBA1","No Split","Quality","RME","% RME Inappropriate Driver Conduct","2026-08-16 00:00:00",0.17647058823529413
"UBA1","No Split","Quality","RME","% RME Inappropriate Driver Conduct","2026-08-23 00:00:00",0.11538461538461539
"UBA1","No Split","Quality","RME","% RME Inappropriate Driver Conduct","2026-08-30 00:00:00",0.07936507936507936
"UBA1","No Split","Quality","RME","% RME Inappropriate Driver Conduct","2026-09-06 00:00:00",0.10344827586206896
"UBA1","No Split","Operational","Operational","% Late pickup routes","2026-06-28 00:00:00",0.09009009009009009
"UBA1","No Split","Operational","Operational","% Late pickup routes","2026-07-05 00:00:00",0.07207207207207207
"UBA1","No Split","Operational","Operational","% Late pickup routes","2026-07-12 00:00:00",0.1951219512195122
"UBA1","No Split","Operational","Operational","% Late pickup routes","2026-07-19 00:00:00",0.023529411764705882
"UBA1","No Split","Operational","Operational","% Late pickup routes","2026-07-26 00:00:00",0.04597701149425287
"UBA1","No Split","Operational","Operational","% Late pickup routes","2026-08-02 00:00:00",0.014285714285714285
"UBA1","No Split","Operational","Operational","% Late pickup routes","2026-08-09 00:00:00",0.14705882352941177
"UBA1","No Split","Operational","Operational","% Late pickup routes","2026-08-16 00:00:00",0.0967741935483871
"UBA1","No Split","Operational","Operational","% Late pickup routes","2026-08-23 00:00:00",0.11538461538461539
"UBA1","No Split","Operational","Operational","% Late pickup routes","2026-08-30 00:00:00",0.11702127659574468
"UBA1","No Split","Operational","Operational","% Late pickup routes","2026-09-06 00:00:00",0.08333333333333333
"UBA1","No Split","Operational","Operational","% Late pickup routes (First window)","2026-06-28 00:00:00",0
"UBA1","No Split","Operational","Operational","% Late pickup routes (First window)","2026-07-05 00:00:00",0
"UBA1","No Split","Operational","Operational","% Late pickup routes (First window)","2026-07-12 00:00:00",0.041666666666666664
"UBA1","No Split","Operational","Operational","% Late pickup routes (First window)","2026-07-19 00:00:00",0
"UBA1","No Split","Operational","Operational","% Late pickup routes (First window)","2026-07-26 00:00:00",0
"UBA1","No Split","Operational","Operational","% Late pickup routes (First window)","2026-08-02 00:00:00",0
"UBA1","No Split","Operational","Operational","% Late pickup routes (First window)","2026-08-09 00:00:00",0.09090909090909091
"UBA1","No Split","Operational","Operational","% Late pickup routes (First window)","2026-08-16 00:00:00",0
"UBA1","No Split","Operational","Operational","% Late pickup routes (First window)","2026-08-23 00:00:00",0
"UBA1","No Split","Operational","Operational","% Late pickup routes (First window)","2026-08-30 00:00:00",0
"UBA1","No Split","Operational","Operational","% Late pickup routes (First window)","2026-09-06 00:00:00",0.045454545454545456
"UBA1","No Split","Operational","Operational","% Successful delivery orders","2026-06-28 00:00:00",1
"UBA1","No Split","Operational","Operational","% Successful delivery orders","2026-07-05 00:00:00",0.9980430528375733
"UBA1","No Split","Operational","Operational","% Successful delivery orders","2026-07-12 00:00:00",0.9794050343249427
"UBA1","No Split","Operational","Operational","% Successful delivery orders","2026-07-19 00:00:00",0.9901477832512315
"UBA1","No Split","Operational","Operational","% Successful delivery orders","2026-07-26 00:00:00",0.9976905311778291
"UBA1","No Split","Operational","Operational","% Successful delivery orders","2026-08-02 00:00:00",0.9970588235294118
"UBA1","No Split","Operational","Operational","% Successful delivery orders","2026-08-09 00:00:00",1
"UBA1","No Split","Operational","Operational","% Successful delivery orders","2026-08-16 00:00:00",1
"UBA1","No Split","Operational","Operational","% Successful delivery orders","2026-08-23 00:00:00",0.9964539007092199
"UBA1","No Split","Operational","Operational","% Successful delivery orders","2026-08-30 00:00:00",0.9977528089887641
"UBA1","No Split","Operational","Operational","% Successful delivery orders","2026-09-06 00:00:00",0.9867109634551495
"UBA1","No Split","Operational","Operational","% Route Order Compliant","2026-06-28 00:00:00",0.7207207207207207
"UBA1","No Split","Operational","Operational","% Route Order Compliant","2026-07-05 00:00:00",0.6126126126126126
"UBA1","No Split","Operational","Operational","% Route Order Compliant","2026-07-12 00:00:00",0.8170731707317073
"UBA1","No Split","Operational","Operational","% Route Order Compliant","2026-07-19 00:00:00",0.6235294117647059
"UBA1","No Split","Operational","Operational","% Route Order Compliant","2026-07-26 00:00:00",0.8160919540229885
"UBA1","No Split","Operational","Operational","% Route Order Compliant","2026-08-02 00:00:00",0.8
"UBA1","No Split","Operational","Operational","% Route Order Compliant","2026-08-09 00:00:00",0.8529411764705882
"UBA1","No Split","Operational","Operational","% Route Order Compliant","2026-08-16 00:00:00",0.8709677419354839
"UBA1","No Split","Operational","Operational","% Route Order Compliant","2026-08-23 00:00:00",0.7307692307692307
"UBA1","No Split","Operational","Operational","% Route Order Compliant","2026-08-30 00:00:00",0.574468085106383
"UBA1","No Split","Operational","Operational","% Route Order Compliant","2026-09-06 00:00:00",0.5277777777777778
"UBA1","No Split","Operational","Operational","% Route Order + Sequence Compliant","2026-06-28 00:00:00",0.35135135135135137
"UBA1","No Split","Operational","Operational","% Route Order + Sequence Compliant","2026-07-05 00:00:00",0.27927927927927926
"UBA1","No Split","Operational","Operational","% Route Order + Sequence Compliant","2026-07-12 00:00:00",0.35365853658536583
"UBA1","No Split","Operational","Operational","% Route Order + Sequence Compliant","2026-07-19 00:00:00",0.2
"UBA1","No Split","Operational","Operational","% Route Order + Sequence Compliant","2026-07-26 00:00:00",0.367816091954023
"UBA1","No Split","Operational","Operational","% Route Order + Sequence Compliant","2026-08-02 00:00:00",0.35714285714285715
"UBA1","No Split","Operational","Operational","% Route Order + Sequence Compliant","2026-08-09 00:00:00",0.14705882352941177
"UBA1","No Split","Operational","Operational","% Route Order + Sequence Compliant","2026-08-16 00:00:00",0.2903225806451613
"UBA1","No Split","Operational","Operational","% Route Order + Sequence Compliant","2026-08-23 00:00:00",0.23076923076923078
"UBA1","No Split","Operational","Operational","% Route Order + Sequence Compliant","2026-08-30 00:00:00",0.1702127659574468
"UBA1","No Split","Operational","Operational","% Route Order + Sequence Compliant","2026-09-06 00:00:00",0.1388888888888889
"UBA1","No Split","Operational","Operational","% Route Fulfillment Compliance","2026-06-28 00:00:00",1
"UBA1","No Split","Operational","Operational","% Route Fulfillment Compliance","2026-07-05 00:00:00",1
"UBA1","No Split","Operational","Operational","% Route Fulfillment Compliance","2026-07-12 00:00:00",0.9512195121951219
"UBA1","No Split","Operational","Operational","% Route Fulfillment Compliance","2026-07-19 00:00:00",0.926829268292683
"UBA1","No Split","Operational","Operational","% Route Fulfillment Compliance","2026-07-26 00:00:00",1
"UBA1","No Split","Operational","Operational","% Route Fulfillment Compliance","2026-08-02 00:00:00",1
"UBA1","No Split","Operational","Operational","% Route Fulfillment Compliance","2026-08-09 00:00:00",1
"UBA1","No Split","Operational","Operational","% Route Fulfillment Compliance","2026-08-16 00:00:00",1
"UBA1","No Split","Operational","Operational","% Route Fulfillment Compliance","2026-08-23 00:00:00",1
"UBA1","No Split","Operational","Operational","% Route Fulfillment Compliance","2026-08-30 00:00:00",1
"UBA1","No Split","Operational","Operational","% Route Fulfillment Compliance","2026-09-06 00:00:00",1
"UIL7","No Split","Quality","Timeliness","% Late","2026-06-28 00:00:00",0.12943262411347517
"UIL7","No Split","Quality","Timeliness","% Late","2026-07-05 00:00:00",0.0992063492063492
"UIL7","No Split","Quality","Timeliness","% Late","2026-07-12 00:00:00",0.11823647294589178
"UIL7","No Split","Quality","Timeliness","% Late","2026-07-19 00:00:00",0.10970464135021098
"UIL7","No Split","Quality","Timeliness","% Late","2026-07-26 00:00:00",0.10516252390057361
"UIL7","No Split","Quality","Timeliness","% Late","2026-08-02 00:00:00",0.08275862068965517
"UIL7","No Split","Quality","Timeliness","% Late","2026-08-09 00:00:00",0.04404145077720207
"UIL7","No Split","Quality","Timeliness","% Late","2026-08-16 00:00:00",0.05370843989769821
"UIL7","No Split","Quality","Timeliness","% Late","2026-08-23 00:00:00",0.07905138339920949
"UIL7","No Split","Quality","Timeliness","% Late","2026-08-30 00:00:00",0.11591695501730104
"UIL7","No Split","Quality","Timeliness","% Late","2026-09-06 00:00:00",0.14285714285714285
"UIL7","No Split","Quality","Timeliness","~ % Late > 15","2026-06-28 00:00:00",0.0797872340425532
"UIL7","No Split","Quality","Timeliness","~ % Late > 15","2026-07-05 00:00:00",0.057539682539682536
"UIL7","No Split","Quality","Timeliness","~ % Late > 15","2026-07-12 00:00:00",0.07214428857715431
"UIL7","No Split","Quality","Timeliness","~ % Late > 15","2026-07-19 00:00:00",0.06540084388185655
"UIL7","No Split","Quality","Timeliness","~ % Late > 15","2026-07-26 00:00:00",0.06883365200764818
"UIL7","No Split","Quality","Timeliness","~ % Late > 15","2026-08-02 00:00:00",0.04827586206896552
"UIL7","No Split","Quality","Timeliness","~ % Late > 15","2026-08-09 00:00:00",0.010362694300518135
"UIL7","No Split","Quality","Timeliness","~ % Late > 15","2026-08-16 00:00:00",0.03580562659846547
"UIL7","No Split","Quality","Timeliness","~ % Late > 15","2026-08-23 00:00:00",0.03557312252964427
"UIL7","No Split","Quality","Timeliness","~ % Late > 15","2026-08-30 00:00:00",0.06401384083044982
"UIL7","No Split","Quality","Timeliness","~ % Late > 15","2026-09-06 00:00:00",0.09523809523809523
"UIL7","No Split","Quality","Full Delivery Failure","% FTFDF","2026-06-28 00:00:00",0.015957446808510637
"UIL7","No Split","Quality","Full Delivery Failure","% FTFDF","2026-07-05 00:00:00",0.003968253968253968
"UIL7","No Split","Quality","Full Delivery Failure","% FTFDF","2026-07-12 00:00:00",0.02004008016032064
"UIL7","No Split","Quality","Full Delivery Failure","% FTFDF","2026-07-19 00:00:00",0.02531645569620253
"UIL7","No Split","Quality","Full Delivery Failure","% FTFDF","2026-07-26 00:00:00",0.019120458891013385
"UIL7","No Split","Quality","Full Delivery Failure","% FTFDF","2026-08-02 00:00:00",0.011494252873563218
"UIL7","No Split","Quality","Full Delivery Failure","% FTFDF","2026-08-09 00:00:00",0.007772020725388601
"UIL7","No Split","Quality","Full Delivery Failure","% FTFDF","2026-08-16 00:00:00",0.015345268542199489
"UIL7","No Split","Quality","Full Delivery Failure","% FTFDF","2026-08-23 00:00:00",0.009881422924901186
"UIL7","No Split","Quality","Full Delivery Failure","% FTFDF","2026-08-30 00:00:00",0.015570934256055362
"UIL7","No Split","Quality","Full Delivery Failure","% FTFDF","2026-09-06 00:00:00",0.031746031746031744
"UIL7","No Split","Quality","Full Delivery Failure","% FOND","2026-06-28 00:00:00",0.014184397163120567
"UIL7","No Split","Quality","Full Delivery Failure","% FOND","2026-07-05 00:00:00",0.001984126984126984
"UIL7","No Split","Quality","Full Delivery Failure","% FOND","2026-07-12 00:00:00",0.018036072144288578
"UIL7","No Split","Quality","Full Delivery Failure","% FOND","2026-07-19 00:00:00",0.023206751054852322
"UIL7","No Split","Quality","Full Delivery Failure","% FOND","2026-07-26 00:00:00",0.015296367112810707
"UIL7","No Split","Quality","Full Delivery Failure","% FOND","2026-08-02 00:00:00",0.009195402298850575
"UIL7","No Split","Quality","Full Delivery Failure","% FOND","2026-08-09 00:00:00",0.007772020725388601
"UIL7","No Split","Quality","Full Delivery Failure","% FOND","2026-08-16 00:00:00",0.0076726342710997444
"UIL7","No Split","Quality","Full Delivery Failure","% FOND","2026-08-23 00:00:00",0.005928853754940711
"UIL7","No Split","Quality","Full Delivery Failure","% FOND","2026-08-30 00:00:00",0.015570934256055362
"UIL7","No Split","Quality","Full Delivery Failure","% FOND","2026-09-06 00:00:00",0.0291005291005291
"UIL7","No Split","Quality","Full Delivery Failure","~ % FOND Ops controllable","2026-06-28 00:00:00",0.012411347517730497
"UIL7","No Split","Quality","Full Delivery Failure","~ % FOND Ops controllable","2026-07-05 00:00:00",0.001984126984126984
"UIL7","No Split","Quality","Full Delivery Failure","~ % FOND Ops controllable","2026-07-12 00:00:00",0.01603206412825651
"UIL7","No Split","Quality","Full Delivery Failure","~ % FOND Ops controllable","2026-07-19 00:00:00",0.012658227848101266
"UIL7","No Split","Quality","Full Delivery Failure","~ % FOND Ops controllable","2026-07-26 00:00:00",0.015296367112810707
"UIL7","No Split","Quality","Full Delivery Failure","~ % FOND Ops controllable","2026-08-02 00:00:00",0.006896551724137931
"UIL7","No Split","Quality","Full Delivery Failure","~ % FOND Ops controllable","2026-08-09 00:00:00",0.0051813471502590676
"UIL7","No Split","Quality","Full Delivery Failure","~ % FOND Ops controllable","2026-08-16 00:00:00",0.005115089514066497
"UIL7","No Split","Quality","Full Delivery Failure","~ % FOND Ops controllable","2026-08-23 00:00:00",0.003952569169960474
"UIL7","No Split","Quality","Full Delivery Failure","~ % FOND Ops controllable","2026-08-30 00:00:00",0.005190311418685121
"UIL7","No Split","Quality","Full Delivery Failure","~ % FOND Ops controllable","2026-09-06 00:00:00",0.021164021164021163
"UIL7","No Split","Quality","Full Delivery Failure","~ % FOND Picked up, address not found","2026-06-28 00:00:00",0
"UIL7","No Split","Quality","Full Delivery Failure","~ % FOND Picked up, address not found","2026-07-05 00:00:00",0
"UIL7","No Split","Quality","Full Delivery Failure","~ % FOND Picked up, address not found","2026-07-12 00:00:00",0
"UIL7","No Split","Quality","Full Delivery Failure","~ % FOND Picked up, address not found","2026-07-19 00:00:00",0.006329113924050633
"UIL7","No Split","Quality","Full Delivery Failure","~ % FOND Picked up, address not found","2026-07-26 00:00:00",0
"UIL7","No Split","Quality","Full Delivery Failure","~ % FOND Picked up, address not found","2026-08-02 00:00:00",0
"UIL7","No Split","Quality","Full Delivery Failure","~ % FOND Picked up, address not found","2026-08-09 00:00:00",0
"UIL7","No Split","Quality","Full Delivery Failure","~ % FOND Picked up, address not found","2026-08-16 00:00:00",0
"UIL7","No Split","Quality","Full Delivery Failure","~ % FOND Picked up, address not found","2026-08-23 00:00:00",0
"UIL7","No Split","Quality","Full Delivery Failure","~ % FOND Picked up, address not found","2026-08-30 00:00:00",0
"UIL7","No Split","Quality","Full Delivery Failure","~ % FOND Picked up, address not found","2026-09-06 00:00:00",0
"UIL7","No Split","Quality","Full Delivery Failure","~ % FOND Picked up, age verification failed","2026-06-28 00:00:00",0
"UIL7","No Split","Quality","Full Delivery Failure","~ % FOND Picked up, age verification failed","2026-07-05 00:00:00",0
"UIL7","No Split","Quality","Full Delivery Failure","~ % FOND Picked up, age verification failed","2026-07-12 00:00:00",0
"UIL7","No Split","Quality","Full Delivery Failure","~ % FOND Picked up, age verification failed","2026-07-19 00:00:00",0
"UIL7","No Split","Quality","Full Delivery Failure","~ % FOND Picked up, age verification failed","2026-07-26 00:00:00",0
"UIL7","No Split","Quality","Full Delivery Failure","~ % FOND Picked up, age verification failed","2026-08-02 00:00:00",0
"UIL7","No Split","Quality","Full Delivery Failure","~ % FOND Picked up, age verification failed","2026-08-09 00:00:00",0
"UIL7","No Split","Quality","Full Delivery Failure","~ % FOND Picked up, age verification failed","2026-08-16 00:00:00",0
"UIL7","No Split","Quality","Full Delivery Failure","~ % FOND Picked up, age verification failed","2026-08-23 00:00:00",0
"UIL7","No Split","Quality","Full Delivery Failure","~ % FOND Picked up, age verification failed","2026-08-30 00:00:00",0
"UIL7","No Split","Quality","Full Delivery Failure","~ % FOND Picked up, age verification failed","2026-09-06 00:00:00",0
"UIL7","No Split","Quality","Full Delivery Failure","~ % FOND Picked up, customer unavailable","2026-06-28 00:00:00",0.008865248226950355
"UIL7","No Split","Quality","Full Delivery Failure","~ % FOND Picked up, customer unavailable","2026-07-05 00:00:00",0
"UIL7","No Split","Quality","Full Delivery Failure","~ % FOND Picked up, customer unavailable","2026-07-12 00:00:00",0.006012024048096192
"UIL7","No Split","Quality","Full Delivery Failure","~ % FOND Picked up, customer unavailable","2026-07-19 00:00:00",0.004219409282700422
"UIL7","No Split","Quality","Full Delivery Failure","~ % FOND Picked up, customer unavailable","2026-07-26 00:00:00",0.0057361376673040155
"UIL7","No Split","Quality","Full Delivery Failure","~ % FOND Picked up, customer unavailable","2026-08-02 00:00:00",0
"UIL7","No Split","Quality","Full Delivery Failure","~ % FOND Picked up, customer unavailable","2026-08-09 00:00:00",0.0025906735751295338
"UIL7","No Split","Quality","Full Delivery Failure","~ % FOND Picked up, customer unavailable","2026-08-16 00:00:00",0
"UIL7","No Split","Quality","Full Delivery Failure","~ % FOND Picked up, customer unavailable","2026-08-23 00:00:00",0
"UIL7","No Split","Quality","Full Delivery Failure","~ % FOND Picked up, customer unavailable","2026-08-30 00:00:00",0.0034602076124567475
"UIL7","No Split","Quality","Full Delivery Failure","~ % FOND Picked up, customer unavailable","2026-09-06 00:00:00",0.005291005291005291
"UIL7","No Split","Quality","Full Delivery Failure","~ % FOND Picked up, inaccesible delivery location","2026-06-28 00:00:00",0
"UIL7","No Split","Quality","Full Delivery Failure","~ % FOND Picked up, inaccesible delivery location","2026-07-05 00:00:00",0
"UIL7","No Split","Quality","Full Delivery Failure","~ % FOND Picked up, inaccesible delivery location","2026-07-12 00:00:00",0.01002004008016032
"UIL7","No Split","Quality","Full Delivery Failure","~ % FOND Picked up, inaccesible delivery location","2026-07-19 00:00:00",0
"UIL7","No Split","Quality","Full Delivery Failure","~ % FOND Picked up, inaccesible delivery location","2026-07-26 00:00:00",0.0038240917782026767
"UIL7","No Split","Quality","Full Delivery Failure","~ % FOND Picked up, inaccesible delivery location","2026-08-02 00:00:00",0.004597701149425287
"UIL7","No Split","Quality","Full Delivery Failure","~ % FOND Picked up, inaccesible delivery location","2026-08-09 00:00:00",0.0025906735751295338
"UIL7","No Split","Quality","Full Delivery Failure","~ % FOND Picked up, inaccesible delivery location","2026-08-16 00:00:00",0.0025575447570332483
"UIL7","No Split","Quality","Full Delivery Failure","~ % FOND Picked up, inaccesible delivery location","2026-08-23 00:00:00",0.001976284584980237
"UIL7","No Split","Quality","Full Delivery Failure","~ % FOND Picked up, inaccesible delivery location","2026-08-30 00:00:00",0
"UIL7","No Split","Quality","Full Delivery Failure","~ % FOND Picked up, inaccesible delivery location","2026-09-06 00:00:00",0.007936507936507936
"UIL7","No Split","Quality","Full Delivery Failure","~ % FOND Picked up, item damaged","2026-06-28 00:00:00",0
"UIL7","No Split","Quality","Full Delivery Failure","~ % FOND Picked up, item damaged","2026-07-05 00:00:00",0
"UIL7","No Split","Quality","Full Delivery Failure","~ % FOND Picked up, item damaged","2026-07-12 00:00:00",0
"UIL7","No Split","Quality","Full Delivery Failure","~ % FOND Picked up, item damaged","2026-07-19 00:00:00",0
"UIL7","No Split","Quality","Full Delivery Failure","~ % FOND Picked up, item damaged","2026-07-26 00:00:00",0
"UIL7","No Split","Quality","Full Delivery Failure","~ % FOND Picked up, item damaged","2026-08-02 00:00:00",0.0022988505747126436
"UIL7","No Split","Quality","Full Delivery Failure","~ % FOND Picked up, item damaged","2026-08-09 00:00:00",0
"UIL7","No Split","Quality","Full Delivery Failure","~ % FOND Picked up, item damaged","2026-08-16 00:00:00",0
"UIL7","No Split","Quality","Full Delivery Failure","~ % FOND Picked up, item damaged","2026-08-23 00:00:00",0
"UIL7","No Split","Quality","Full Delivery Failure","~ % FOND Picked up, item damaged","2026-08-30 00:00:00",0
"UIL7","No Split","Quality","Full Delivery Failure","~ % FOND Picked up, item damaged","2026-09-06 00:00:00",0
"UIL7","No Split","Quality","Full Delivery Failure","~ % FOND Picked up, item incorrect","2026-06-28 00:00:00",0
"UIL7","No Split","Quality","Full Delivery Failure","~ % FOND Picked up, item incorrect","2026-07-05 00:00:00",0
"UIL7","No Split","Quality","Full Delivery Failure","~ % FOND Picked up, item incorrect","2026-07-12 00:00:00",0
"UIL7","No Split","Quality","Full Delivery Failure","~ % FOND Picked up, item incorrect","2026-07-19 00:00:00",0
"UIL7","No Split","Quality","Full Delivery Failure","~ % FOND Picked up, item incorrect","2026-07-26 00:00:00",0
"UIL7","No Split","Quality","Full Delivery Failure","~ % FOND Picked up, item incorrect","2026-08-02 00:00:00",0
"UIL7","No Split","Quality","Full Delivery Failure","~ % FOND Picked up, item incorrect","2026-08-09 00:00:00",0
"UIL7","No Split","Quality","Full Delivery Failure","~ % FOND Picked up, item incorrect","2026-08-16 00:00:00",0
"UIL7","No Split","Quality","Full Delivery Failure","~ % FOND Picked up, item incorrect","2026-08-23 00:00:00",0
"UIL7","No Split","Quality","Full Delivery Failure","~ % FOND Picked up, item incorrect","2026-08-30 00:00:00",0
"UIL7","No Split","Quality","Full Delivery Failure","~ % FOND Picked up, item incorrect","2026-09-06 00:00:00",0
"UIL7","No Split","Quality","Full Delivery Failure","~ % FOND Picked up, missing or incorrect access code","2026-06-28 00:00:00",0
"UIL7","No Split","Quality","Full Delivery Failure","~ % FOND Picked up, missing or incorrect access code","2026-07-05 00:00:00",0
"UIL7","No Split","Quality","Full Delivery Failure","~ % FOND Picked up, missing or incorrect access code","2026-07-12 00:00:00",0
"UIL7","No Split","Quality","Full Delivery Failure","~ % FOND Picked up, missing or incorrect access code","2026-07-19 00:00:00",0
"UIL7","No Split","Quality","Full Delivery Failure","~ % FOND Picked up, missing or incorrect access code","2026-07-26 00:00:00",0
"UIL7","No Split","Quality","Full Delivery Failure","~ % FOND Picked up, missing or incorrect access code","2026-08-02 00:00:00",0
"UIL7","No Split","Quality","Full Delivery Failure","~ % FOND Picked up, missing or incorrect access code","2026-08-09 00:00:00",0
"UIL7","No Split","Quality","Full Delivery Failure","~ % FOND Picked up, missing or incorrect access code","2026-08-16 00:00:00",0
"UIL7","No Split","Quality","Full Delivery Failure","~ % FOND Picked up, missing or incorrect access code","2026-08-23 00:00:00",0
"UIL7","No Split","Quality","Full Delivery Failure","~ % FOND Picked up, missing or incorrect access code","2026-08-30 00:00:00",0
"UIL7","No Split","Quality","Full Delivery Failure","~ % FOND Picked up, missing or incorrect access code","2026-09-06 00:00:00",0
"UIL7","No Split","Quality","Full Delivery Failure","~ % FOND Picked up, no items delivered","2026-06-28 00:00:00",0
"UIL7","No Split","Quality","Full Delivery Failure","~ % FOND Picked up, no items delivered","2026-07-05 00:00:00",0
"UIL7","No Split","Quality","Full Delivery Failure","~ % FOND Picked up, no items delivered","2026-07-12 00:00:00",0
"UIL7","No Split","Quality","Full Delivery Failure","~ % FOND Picked up, no items delivered","2026-07-19 00:00:00",0
"UIL7","No Split","Quality","Full Delivery Failure","~ % FOND Picked up, no items delivered","2026-07-26 00:00:00",0
"UIL7","No Split","Quality","Full Delivery Failure","~ % FOND Picked up, no items delivered","2026-08-02 00:00:00",0
"UIL7","No Split","Quality","Full Delivery Failure","~ % FOND Picked up, no items delivered","2026-08-09 00:00:00",0
"UIL7","No Split","Quality","Full Delivery Failure","~ % FOND Picked up, no items delivered","2026-08-16 00:00:00",0
"UIL7","No Split","Quality","Full Delivery Failure","~ % FOND Picked up, no items delivered","2026-08-23 00:00:00",0
"UIL7","No Split","Quality","Full Delivery Failure","~ % FOND Picked up, no items delivered","2026-08-30 00:00:00",0
"UIL7","No Split","Quality","Full Delivery Failure","~ % FOND Picked up, no items delivered","2026-09-06 00:00:00",0
"UIL7","No Split","Quality","Full Delivery Failure","~ % FOND Picked up, no secure location","2026-06-28 00:00:00",0
"UIL7","No Split","Quality","Full Delivery Failure","~ % FOND Picked up, no secure location","2026-07-05 00:00:00",0
"UIL7","No Split","Quality","Full Delivery Failure","~ % FOND Picked up, no secure location","2026-07-12 00:00:00",0
"UIL7","No Split","Quality","Full Delivery Failure","~ % FOND Picked up, no secure location","2026-07-19 00:00:00",0
"UIL7","No Split","Quality","Full Delivery Failure","~ % FOND Picked up, no secure location","2026-07-26 00:00:00",0.0038240917782026767
"UIL7","No Split","Quality","Full Delivery Failure","~ % FOND Picked up, no secure location","2026-08-02 00:00:00",0
"UIL7","No Split","Quality","Full Delivery Failure","~ % FOND Picked up, no secure location","2026-08-09 00:00:00",0
"UIL7","No Split","Quality","Full Delivery Failure","~ % FOND Picked up, no secure location","2026-08-16 00:00:00",0
"UIL7","No Split","Quality","Full Delivery Failure","~ % FOND Picked up, no secure location","2026-08-23 00:00:00",0.001976284584980237
"UIL7","No Split","Quality","Full Delivery Failure","~ % FOND Picked up, no secure location","2026-08-30 00:00:00",0
"UIL7","No Split","Quality","Full Delivery Failure","~ % FOND Picked up, no secure location","2026-09-06 00:00:00",0
"UIL7","No Split","Quality","Full Delivery Failure","~ % FOND Picked up, object missing","2026-06-28 00:00:00",0.0017730496453900709
"UIL7","No Split","Quality","Full Delivery Failure","~ % FOND Picked up, object missing","2026-07-05 00:00:00",0.001984126984126984
"UIL7","No Split","Quality","Full Delivery Failure","~ % FOND Picked up, object missing","2026-07-12 00:00:00",0
"UIL7","No Split","Quality","Full Delivery Failure","~ % FOND Picked up, object missing","2026-07-19 00:00:00",0
"UIL7","No Split","Quality","Full Delivery Failure","~ % FOND Picked up, object missing","2026-07-26 00:00:00",0
"UIL7","No Split","Quality","Full Delivery Failure","~ % FOND Picked up, object missing","2026-08-02 00:00:00",0
"UIL7","No Split","Quality","Full Delivery Failure","~ % FOND Picked up, object missing","2026-08-09 00:00:00",0
"UIL7","No Split","Quality","Full Delivery Failure","~ % FOND Picked up, object missing","2026-08-16 00:00:00",0
"UIL7","No Split","Quality","Full Delivery Failure","~ % FOND Picked up, object missing","2026-08-23 00:00:00",0
"UIL7","No Split","Quality","Full Delivery Failure","~ % FOND Picked up, object missing","2026-08-30 00:00:00",0
"UIL7","No Split","Quality","Full Delivery Failure","~ % FOND Picked up, object missing","2026-09-06 00:00:00",0.005291005291005291
"UIL7","No Split","Quality","Full Delivery Failure","~ % FOND Picked up, rejected","2026-06-28 00:00:00",0
"UIL7","No Split","Quality","Full Delivery Failure","~ % FOND Picked up, rejected","2026-07-05 00:00:00",0
"UIL7","No Split","Quality","Full Delivery Failure","~ % FOND Picked up, rejected","2026-07-12 00:00:00",0
"UIL7","No Split","Quality","Full Delivery Failure","~ % FOND Picked up, rejected","2026-07-19 00:00:00",0
"UIL7","No Split","Quality","Full Delivery Failure","~ % FOND Picked up, rejected","2026-07-26 00:00:00",0.0019120458891013384
"UIL7","No Split","Quality","Full Delivery Failure","~ % FOND Picked up, rejected","2026-08-02 00:00:00",0
"UIL7","No Split","Quality","Full Delivery Failure","~ % FOND Picked up, rejected","2026-08-09 00:00:00",0
"UIL7","No Split","Quality","Full Delivery Failure","~ % FOND Picked up, rejected","2026-08-16 00:00:00",0.0025575447570332483
"UIL7","No Split","Quality","Full Delivery Failure","~ % FOND Picked up, rejected","2026-08-23 00:00:00",0
"UIL7","No Split","Quality","Full Delivery Failure","~ % FOND Picked up, rejected","2026-08-30 00:00:00",0
"UIL7","No Split","Quality","Full Delivery Failure","~ % FOND Picked up, rejected","2026-09-06 00:00:00",0
"UIL7","No Split","Quality","Full Delivery Failure","~ % FOND Picked up, other","2026-06-28 00:00:00",0.0017730496453900709
"UIL7","No Split","Quality","Full Delivery Failure","~ % FOND Picked up, other","2026-07-05 00:00:00",0
"UIL7","No Split","Quality","Full Delivery Failure","~ % FOND Picked up, other","2026-07-12 00:00:00",0
"UIL7","No Split","Quality","Full Delivery Failure","~ % FOND Picked up, other","2026-07-19 00:00:00",0.002109704641350211
"UIL7","No Split","Quality","Full Delivery Failure","~ % FOND Picked up, other","2026-07-26 00:00:00",0
"UIL7","No Split","Quality","Full Delivery Failure","~ % FOND Picked up, other","2026-08-02 00:00:00",0
"UIL7","No Split","Quality","Full Delivery Failure","~ % FOND Picked up, other","2026-08-09 00:00:00",0
"UIL7","No Split","Quality","Full Delivery Failure","~ % FOND Picked up, other","2026-08-16 00:00:00",0
"UIL7","No Split","Quality","Full Delivery Failure","~ % FOND Picked up, other","2026-08-23 00:00:00",0
"UIL7","No Split","Quality","Full Delivery Failure","~ % FOND Picked up, other","2026-08-30 00:00:00",0
"UIL7","No Split","Quality","Full Delivery Failure","~ % FOND Picked up, other","2026-09-06 00:00:00",0.0026455026455026454
"UIL7","No Split","Quality","Full Delivery Failure","% FTDC","2026-06-28 00:00:00",0
"UIL7","No Split","Quality","Full Delivery Failure","% FTDC","2026-07-05 00:00:00",0
"UIL7","No Split","Quality","Full Delivery Failure","% FTDC","2026-07-12 00:00:00",0
"UIL7","No Split","Quality","Full Delivery Failure","% FTDC","2026-07-19 00:00:00",0.002109704641350211
"UIL7","No Split","Quality","Full Delivery Failure","% FTDC","2026-07-26 00:00:00",0
"UIL7","No Split","Quality","Full Delivery Failure","% FTDC","2026-08-02 00:00:00",0
"UIL7","No Split","Quality","Full Delivery Failure","% FTDC","2026-08-09 00:00:00",0
"UIL7","No Split","Quality","Full Delivery Failure","% FTDC","2026-08-16 00:00:00",0
"UIL7","No Split","Quality","Full Delivery Failure","% FTDC","2026-08-23 00:00:00",0
"UIL7","No Split","Quality","Full Delivery Failure","% FTDC","2026-08-30 00:00:00",0
"UIL7","No Split","Quality","Full Delivery Failure","% FTDC","2026-09-06 00:00:00",0.0026455026455026454
"UIL7","No Split","Quality","Full Delivery Failure","% PSC","2026-06-28 00:00:00",0
"UIL7","No Split","Quality","Full Delivery Failure","% PSC","2026-07-05 00:00:00",0
"UIL7","No Split","Quality","Full Delivery Failure","% PSC","2026-07-12 00:00:00",0
"UIL7","No Split","Quality","Full Delivery Failure","% PSC","2026-07-19 00:00:00",0.002109704641350211
"UIL7","No Split","Quality","Full Delivery Failure","% PSC","2026-07-26 00:00:00",0
"UIL7","No Split","Quality","Full Delivery Failure","% PSC","2026-08-02 00:00:00",0
"UIL7","No Split","Quality","Full Delivery Failure","% PSC","2026-08-09 00:00:00",0
"UIL7","No Split","Quality","Full Delivery Failure","% PSC","2026-08-16 00:00:00",0
"UIL7","No Split","Quality","Full Delivery Failure","% PSC","2026-08-23 00:00:00",0
"UIL7","No Split","Quality","Full Delivery Failure","% PSC","2026-08-30 00:00:00",0
"UIL7","No Split","Quality","Full Delivery Failure","% PSC","2026-09-06 00:00:00",0.0026455026455026454
"UIL7","No Split","Quality","Full Delivery Failure","~ % PSC Not assigned","2026-06-28 00:00:00",0
"UIL7","No Split","Quality","Full Delivery Failure","~ % PSC Not assigned","2026-07-05 00:00:00",0
"UIL7","No Split","Quality","Full Delivery Failure","~ % PSC Not assigned","2026-07-12 00:00:00",0
"UIL7","No Split","Quality","Full Delivery Failure","~ % PSC Not assigned","2026-07-19 00:00:00",0
"UIL7","No Split","Quality","Full Delivery Failure","~ % PSC Not assigned","2026-07-26 00:00:00",0
"UIL7","No Split","Quality","Full Delivery Failure","~ % PSC Not assigned","2026-08-02 00:00:00",0
"UIL7","No Split","Quality","Full Delivery Failure","~ % PSC Not assigned","2026-08-09 00:00:00",0
"UIL7","No Split","Quality","Full Delivery Failure","~ % PSC Not assigned","2026-08-16 00:00:00",0
"UIL7","No Split","Quality","Full Delivery Failure","~ % PSC Not assigned","2026-08-23 00:00:00",0
"UIL7","No Split","Quality","Full Delivery Failure","~ % PSC Not assigned","2026-08-30 00:00:00",0
"UIL7","No Split","Quality","Full Delivery Failure","~ % PSC Not assigned","2026-09-06 00:00:00",0
"UIL7","No Split","Quality","Full Delivery Failure","~ % PSC Assigned, not picked up","2026-06-28 00:00:00",0
"UIL7","No Split","Quality","Full Delivery Failure","~ % PSC Assigned, not picked up","2026-07-05 00:00:00",0
"UIL7","No Split","Quality","Full Delivery Failure","~ % PSC Assigned, not picked up","2026-07-12 00:00:00",0
"UIL7","No Split","Quality","Full Delivery Failure","~ % PSC Assigned, not picked up","2026-07-19 00:00:00",0.002109704641350211
"UIL7","No Split","Quality","Full Delivery Failure","~ % PSC Assigned, not picked up","2026-07-26 00:00:00",0
"UIL7","No Split","Quality","Full Delivery Failure","~ % PSC Assigned, not picked up","2026-08-02 00:00:00",0
"UIL7","No Split","Quality","Full Delivery Failure","~ % PSC Assigned, not picked up","2026-08-09 00:00:00",0
"UIL7","No Split","Quality","Full Delivery Failure","~ % PSC Assigned, not picked up","2026-08-16 00:00:00",0
"UIL7","No Split","Quality","Full Delivery Failure","~ % PSC Assigned, not picked up","2026-08-23 00:00:00",0
"UIL7","No Split","Quality","Full Delivery Failure","~ % PSC Assigned, not picked up","2026-08-30 00:00:00",0
"UIL7","No Split","Quality","Full Delivery Failure","~ % PSC Assigned, not picked up","2026-09-06 00:00:00",0.0026455026455026454
"UIL7","No Split","Quality","Full Delivery Failure","~ % PSC Picked up, not delivered","2026-06-28 00:00:00",0
"UIL7","No Split","Quality","Full Delivery Failure","~ % PSC Picked up, not delivered","2026-07-05 00:00:00",0
"UIL7","No Split","Quality","Full Delivery Failure","~ % PSC Picked up, not delivered","2026-07-12 00:00:00",0
"UIL7","No Split","Quality","Full Delivery Failure","~ % PSC Picked up, not delivered","2026-07-19 00:00:00",0
"UIL7","No Split","Quality","Full Delivery Failure","~ % PSC Picked up, not delivered","2026-07-26 00:00:00",0
"UIL7","No Split","Quality","Full Delivery Failure","~ % PSC Picked up, not delivered","2026-08-02 00:00:00",0
"UIL7","No Split","Quality","Full Delivery Failure","~ % PSC Picked up, not delivered","2026-08-09 00:00:00",0
"UIL7","No Split","Quality","Full Delivery Failure","~ % PSC Picked up, not delivered","2026-08-16 00:00:00",0
"UIL7","No Split","Quality","Full Delivery Failure","~ % PSC Picked up, not delivered","2026-08-23 00:00:00",0
"UIL7","No Split","Quality","Full Delivery Failure","~ % PSC Picked up, not delivered","2026-08-30 00:00:00",0
"UIL7","No Split","Quality","Full Delivery Failure","~ % PSC Picked up, not delivered","2026-09-06 00:00:00",0
"UIL7","No Split","Quality","Full Delivery Failure","~ % PSC Unknown ops cancellation","2026-06-28 00:00:00",0
"UIL7","No Split","Quality","Full Delivery Failure","~ % PSC Unknown ops cancellation","2026-07-05 00:00:00",0
"UIL7","No Split","Quality","Full Delivery Failure","~ % PSC Unknown ops cancellation","2026-07-12 00:00:00",0
"UIL7","No Split","Quality","Full Delivery Failure","~ % PSC Unknown ops cancellation","2026-07-19 00:00:00",0
"UIL7","No Split","Quality","Full Delivery Failure","~ % PSC Unknown ops cancellation","2026-07-26 00:00:00",0
"UIL7","No Split","Quality","Full Delivery Failure","~ % PSC Unknown ops cancellation","2026-08-02 00:00:00",0
"UIL7","No Split","Quality","Full Delivery Failure","~ % PSC Unknown ops cancellation","2026-08-09 00:00:00",0
"UIL7","No Split","Quality","Full Delivery Failure","~ % PSC Unknown ops cancellation","2026-08-16 00:00:00",0
"UIL7","No Split","Quality","Full Delivery Failure","~ % PSC Unknown ops cancellation","2026-08-23 00:00:00",0
"UIL7","No Split","Quality","Full Delivery Failure","~ % PSC Unknown ops cancellation","2026-08-30 00:00:00",0
"UIL7","No Split","Quality","Full Delivery Failure","~ % PSC Unknown ops cancellation","2026-09-06 00:00:00",0
"UIL7","No Split","Quality","Full Delivery Failure","% FDNR","2026-06-28 00:00:00",0
"UIL7","No Split","Quality","Full Delivery Failure","% FDNR","2026-07-05 00:00:00",0
"UIL7","No Split","Quality","Full Delivery Failure","% FDNR","2026-07-12 00:00:00",0
"UIL7","No Split","Quality","Full Delivery Failure","% FDNR","2026-07-19 00:00:00",0
"UIL7","No Split","Quality","Full Delivery Failure","% FDNR","2026-07-26 00:00:00",0
"UIL7","No Split","Quality","Full Delivery Failure","% FDNR","2026-08-02 00:00:00",0.004597701149425287
"UIL7","No Split","Quality","Full Delivery Failure","% FDNR","2026-08-09 00:00:00",0
"UIL7","No Split","Quality","Full Delivery Failure","% FDNR","2026-08-16 00:00:00",0
"UIL7","No Split","Quality","Full Delivery Failure","% FDNR","2026-08-23 00:00:00",0
"UIL7","No Split","Quality","Full Delivery Failure","% FDNR","2026-08-30 00:00:00",0
"UIL7","No Split","Quality","Full Delivery Failure","% FDNR","2026-09-06 00:00:00",0
"UIL7","No Split","Quality","Partial Delivery Failure","% FTPDF","2026-06-28 00:00:00",0.0070921985815602835
"UIL7","No Split","Quality","Partial Delivery Failure","% FTPDF","2026-07-05 00:00:00",0.003968253968253968
"UIL7","No Split","Quality","Partial Delivery Failure","% FTPDF","2026-07-12 00:00:00",0.006012024048096192
"UIL7","No Split","Quality","Partial Delivery Failure","% FTPDF","2026-07-19 00:00:00",0.004219409282700422
"UIL7","No Split","Quality","Partial Delivery Failure","% FTPDF","2026-07-26 00:00:00",0.0076481835564053535
"UIL7","No Split","Quality","Partial Delivery Failure","% FTPDF","2026-08-02 00:00:00",0.004597701149425287
"UIL7","No Split","Quality","Partial Delivery Failure","% FTPDF","2026-08-09 00:00:00",0.0051813471502590676
"UIL7","No Split","Quality","Partial Delivery Failure","% FTPDF","2026-08-16 00:00:00",0.0076726342710997444
"UIL7","No Split","Quality","Partial Delivery Failure","% FTPDF","2026-08-23 00:00:00",0.025691699604743084
"UIL7","No Split","Quality","Partial Delivery Failure","% FTPDF","2026-08-30 00:00:00",0.02249134948096886
"UIL7","No Split","Quality","Partial Delivery Failure","% FTPDF","2026-09-06 00:00:00",0.031746031746031744
"UIL7","No Split","Quality","Partial Delivery Failure","% POND","2026-06-28 00:00:00",0.0070921985815602835
"UIL7","No Split","Quality","Partial Delivery Failure","% POND","2026-07-05 00:00:00",0.003968253968253968
"UIL7","No Split","Quality","Partial Delivery Failure","% POND","2026-07-12 00:00:00",0.006012024048096192
"UIL7","No Split","Quality","Partial Delivery Failure","% POND","2026-07-19 00:00:00",0.004219409282700422
"UIL7","No Split","Quality","Partial Delivery Failure","% POND","2026-07-26 00:00:00",0.0076481835564053535
"UIL7","No Split","Quality","Partial Delivery Failure","% POND","2026-08-02 00:00:00",0.004597701149425287
"UIL7","No Split","Quality","Partial Delivery Failure","% POND","2026-08-09 00:00:00",0.0051813471502590676
"UIL7","No Split","Quality","Partial Delivery Failure","% POND","2026-08-16 00:00:00",0.0076726342710997444
"UIL7","No Split","Quality","Partial Delivery Failure","% POND","2026-08-23 00:00:00",0.023715415019762844
"UIL7","No Split","Quality","Partial Delivery Failure","% POND","2026-08-30 00:00:00",0.01730103806228374
"UIL7","No Split","Quality","Partial Delivery Failure","% POND","2026-09-06 00:00:00",0.031746031746031744
"UIL7","No Split","Quality","Partial Delivery Failure","% PDNR","2026-06-28 00:00:00",0.0070921985815602835
"UIL7","No Split","Quality","Partial Delivery Failure","% PDNR","2026-07-05 00:00:00",0.00992063492063492
"UIL7","No Split","Quality","Partial Delivery Failure","% PDNR","2026-07-12 00:00:00",0.002004008016032064
"UIL7","No Split","Quality","Partial Delivery Failure","% PDNR","2026-07-19 00:00:00",0.010548523206751054
"UIL7","No Split","Quality","Partial Delivery Failure","% PDNR","2026-07-26 00:00:00",0.01338432122370937
"UIL7","No Split","Quality","Partial Delivery Failure","% PDNR","2026-08-02 00:00:00",0.006896551724137931
"UIL7","No Split","Quality","Partial Delivery Failure","% PDNR","2026-08-09 00:00:00",0.007772020725388601
"UIL7","No Split","Quality","Partial Delivery Failure","% PDNR","2026-08-16 00:00:00",0.010230179028132993
"UIL7","No Split","Quality","Partial Delivery Failure","% PDNR","2026-08-23 00:00:00",0.019762845849802372
"UIL7","No Split","Quality","Partial Delivery Failure","% PDNR","2026-08-30 00:00:00",0.006920415224913495
"UIL7","No Split","Quality","Partial Delivery Failure","% PDNR","2026-09-06 00:00:00",0
"UIL7","No Split","Quality","Partial Delivery Failure","% Damage Items","2026-06-28 00:00:00",0.014184397163120567
"UIL7","No Split","Quality","Partial Delivery Failure","% Damage Items","2026-07-05 00:00:00",0.007936507936507936
"UIL7","No Split","Quality","Partial Delivery Failure","% Damage Items","2026-07-12 00:00:00",0.018036072144288578
"UIL7","No Split","Quality","Partial Delivery Failure","% Damage Items","2026-07-19 00:00:00",0.023206751054852322
"UIL7","No Split","Quality","Partial Delivery Failure","% Damage Items","2026-07-26 00:00:00",0.0019120458891013384
"UIL7","No Split","Quality","Partial Delivery Failure","% Damage Items","2026-08-02 00:00:00",0.016091954022988506
"UIL7","No Split","Quality","Partial Delivery Failure","% Damage Items","2026-08-09 00:00:00",0.0051813471502590676
"UIL7","No Split","Quality","Partial Delivery Failure","% Damage Items","2026-08-16 00:00:00",0.01278772378516624
"UIL7","No Split","Quality","Partial Delivery Failure","% Damage Items","2026-08-23 00:00:00",0.011857707509881422
"UIL7","No Split","Quality","Partial Delivery Failure","% Damage Items","2026-08-30 00:00:00",0.010380622837370242
"UIL7","No Split","Quality","Partial Delivery Failure","% Damage Items","2026-09-06 00:00:00",0
"UIL7","No Split","Quality","Partial Delivery Failure","% Missing Items","2026-06-28 00:00:00",0.0070921985815602835
"UIL7","No Split","Quality","Partial Delivery Failure","% Missing Items","2026-07-05 00:00:00",0.021825396825396824
"UIL7","No Split","Quality","Partial Delivery Failure","% Missing Items","2026-07-12 00:00:00",0.01002004008016032
"UIL7","No Split","Quality","Partial Delivery Failure","% Missing Items","2026-07-19 00:00:00",0.012658227848101266
"UIL7","No Split","Quality","Partial Delivery Failure","% Missing Items","2026-07-26 00:00:00",0.022944550669216062
"UIL7","No Split","Quality","Partial Delivery Failure","% Missing Items","2026-08-02 00:00:00",0.022988505747126436
"UIL7","No Split","Quality","Partial Delivery Failure","% Missing Items","2026-08-09 00:00:00",0.038860103626943004
"UIL7","No Split","Quality","Partial Delivery Failure","% Missing Items","2026-08-16 00:00:00",0.02557544757033248
"UIL7","No Split","Quality","Partial Delivery Failure","% Missing Items","2026-08-23 00:00:00",0.03162055335968379
"UIL7","No Split","Quality","Partial Delivery Failure","% Missing Items","2026-08-30 00:00:00",0.020761245674740483
"UIL7","No Split","Quality","Partial Delivery Failure","% Missing Items","2026-09-06 00:00:00",0.010582010582010581
"UIL7","No Split","Quality","Partial Delivery Failure","% Full bag damaged","2026-06-28 00:00:00",0.0017730496453900709
"UIL7","No Split","Quality","Partial Delivery Failure","% Full bag damaged","2026-07-05 00:00:00",0.001984126984126984
"UIL7","No Split","Quality","Partial Delivery Failure","% Full bag damaged","2026-07-12 00:00:00",0.002004008016032064
"UIL7","No Split","Quality","Partial Delivery Failure","% Full bag damaged","2026-07-19 00:00:00",0
"UIL7","No Split","Quality","Partial Delivery Failure","% Full bag damaged","2026-07-26 00:00:00",0
"UIL7","No Split","Quality","Partial Delivery Failure","% Full bag damaged","2026-08-02 00:00:00",0.0022988505747126436
"UIL7","No Split","Quality","Partial Delivery Failure","% Full bag damaged","2026-08-09 00:00:00",0
"UIL7","No Split","Quality","Partial Delivery Failure","% Full bag damaged","2026-08-16 00:00:00",0
"UIL7","No Split","Quality","Partial Delivery Failure","% Full bag damaged","2026-08-23 00:00:00",0.001976284584980237
"UIL7","No Split","Quality","Partial Delivery Failure","% Full bag damaged","2026-08-30 00:00:00",0.0017301038062283738
"UIL7","No Split","Quality","Partial Delivery Failure","% Full bag damaged","2026-09-06 00:00:00",0
"UIL7","No Split","Quality","Partial Delivery Failure","~ % Full bag damaged ambient","2026-06-28 00:00:00",0
"UIL7","No Split","Quality","Partial Delivery Failure","~ % Full bag damaged ambient","2026-07-05 00:00:00",0
"UIL7","No Split","Quality","Partial Delivery Failure","~ % Full bag damaged ambient","2026-07-12 00:00:00",0
"UIL7","No Split","Quality","Partial Delivery Failure","~ % Full bag damaged ambient","2026-07-19 00:00:00",0
"UIL7","No Split","Quality","Partial Delivery Failure","~ % Full bag damaged ambient","2026-07-26 00:00:00",0
"UIL7","No Split","Quality","Partial Delivery Failure","~ % Full bag damaged ambient","2026-08-02 00:00:00",0
"UIL7","No Split","Quality","Partial Delivery Failure","~ % Full bag damaged ambient","2026-08-09 00:00:00",0
"UIL7","No Split","Quality","Partial Delivery Failure","~ % Full bag damaged ambient","2026-08-16 00:00:00",0
"UIL7","No Split","Quality","Partial Delivery Failure","~ % Full bag damaged ambient","2026-08-23 00:00:00",0
"UIL7","No Split","Quality","Partial Delivery Failure","~ % Full bag damaged ambient","2026-08-30 00:00:00",0
"UIL7","No Split","Quality","Partial Delivery Failure","~ % Full bag damaged ambient","2026-09-06 00:00:00",0
"UIL7","No Split","Quality","Partial Delivery Failure","~ % Full bag damaged cold","2026-06-28 00:00:00",0.0017730496453900709
"UIL7","No Split","Quality","Partial Delivery Failure","~ % Full bag damaged cold","2026-07-05 00:00:00",0.001984126984126984
"UIL7","No Split","Quality","Partial Delivery Failure","~ % Full bag damaged cold","2026-07-12 00:00:00",0.002004008016032064
"UIL7","No Split","Quality","Partial Delivery Failure","~ % Full bag damaged cold","2026-07-19 00:00:00",0
"UIL7","No Split","Quality","Partial Delivery Failure","~ % Full bag damaged cold","2026-07-26 00:00:00",0
"UIL7","No Split","Quality","Partial Delivery Failure","~ % Full bag damaged cold","2026-08-02 00:00:00",0.0022988505747126436
"UIL7","No Split","Quality","Partial Delivery Failure","~ % Full bag damaged cold","2026-08-09 00:00:00",0
"UIL7","No Split","Quality","Partial Delivery Failure","~ % Full bag damaged cold","2026-08-16 00:00:00",0
"UIL7","No Split","Quality","Partial Delivery Failure","~ % Full bag damaged cold","2026-08-23 00:00:00",0.001976284584980237
"UIL7","No Split","Quality","Partial Delivery Failure","~ % Full bag damaged cold","2026-08-30 00:00:00",0.0017301038062283738
"UIL7","No Split","Quality","Partial Delivery Failure","~ % Full bag damaged cold","2026-09-06 00:00:00",0
"UIL7","No Split","Quality","Partial Delivery Failure","% Bag Almost Fully Damaged","2026-06-28 00:00:00",0
"UIL7","No Split","Quality","Partial Delivery Failure","% Bag Almost Fully Damaged","2026-07-05 00:00:00",0
"UIL7","No Split","Quality","Partial Delivery Failure","% Bag Almost Fully Damaged","2026-07-12 00:00:00",0.002004008016032064
"UIL7","No Split","Quality","Partial Delivery Failure","% Bag Almost Fully Damaged","2026-07-19 00:00:00",0
"UIL7","No Split","Quality","Partial Delivery Failure","% Bag Almost Fully Damaged","2026-07-26 00:00:00",0
"UIL7","No Split","Quality","Partial Delivery Failure","% Bag Almost Fully Damaged","2026-08-02 00:00:00",0
"UIL7","No Split","Quality","Partial Delivery Failure","% Bag Almost Fully Damaged","2026-08-09 00:00:00",0
"UIL7","No Split","Quality","Partial Delivery Failure","% Bag Almost Fully Damaged","2026-08-16 00:00:00",0.0025575447570332483
"UIL7","No Split","Quality","Partial Delivery Failure","% Bag Almost Fully Damaged","2026-08-23 00:00:00",0
"UIL7","No Split","Quality","Partial Delivery Failure","% Bag Almost Fully Damaged","2026-08-30 00:00:00",0
"UIL7","No Split","Quality","Partial Delivery Failure","% Bag Almost Fully Damaged","2026-09-06 00:00:00",0
"UIL7","No Split","Quality","RME","% RME Happy","2026-06-28 00:00:00",0.75
"UIL7","No Split","Quality","RME","% RME Happy","2026-07-05 00:00:00",0.7931034482758621
"UIL7","No Split","Quality","RME","% RME Happy","2026-07-12 00:00:00",0.7654320987654321
"UIL7","No Split","Quality","RME","% RME Happy","2026-07-19 00:00:00",0.7857142857142857
"UIL7","No Split","Quality","RME","% RME Happy","2026-07-26 00:00:00",0.7794117647058824
"UIL7","No Split","Quality","RME","% RME Happy","2026-08-02 00:00:00",0.8
"UIL7","No Split","Quality","RME","% RME Happy","2026-08-09 00:00:00",0.8170731707317073
"UIL7","No Split","Quality","RME","% RME Happy","2026-08-16 00:00:00",0.7164179104477612
"UIL7","No Split","Quality","RME","% RME Happy","2026-08-23 00:00:00",0.7586206896551724
"UIL7","No Split","Quality","RME","% RME Happy","2026-08-30 00:00:00",0.7555555555555555
"UIL7","No Split","Quality","RME","% RME Happy","2026-09-06 00:00:00",0.8181818181818182
"UIL7","No Split","Quality","RME","% RME Damaged Item","2026-06-28 00:00:00",0.011904761904761904
"UIL7","No Split","Quality","RME","% RME Damaged Item","2026-07-05 00:00:00",0.022988505747126436
"UIL7","No Split","Quality","RME","% RME Damaged Item","2026-07-12 00:00:00",0.024691358024691357
"UIL7","No Split","Quality","RME","% RME Damaged Item","2026-07-19 00:00:00",0.04285714285714286
"UIL7","No Split","Quality","RME","% RME Damaged Item","2026-07-26 00:00:00",0.029411764705882353
"UIL7","No Split","Quality","RME","% RME Damaged Item","2026-08-02 00:00:00",0.016666666666666666
"UIL7","No Split","Quality","RME","% RME Damaged Item","2026-08-09 00:00:00",0.06097560975609756
"UIL7","No Split","Quality","RME","% RME Damaged Item","2026-08-16 00:00:00",0.014925373134328358
"UIL7","No Split","Quality","RME","% RME Damaged Item","2026-08-23 00:00:00",0.022988505747126436
"UIL7","No Split","Quality","RME","% RME Damaged Item","2026-08-30 00:00:00",0.022222222222222223
"UIL7","No Split","Quality","RME","% RME Damaged Item","2026-09-06 00:00:00",0.06818181818181818
"UIL7","No Split","Quality","RME","% RME Instructions not followed","2026-06-28 00:00:00",0.023809523809523808
"UIL7","No Split","Quality","RME","% RME Instructions not followed","2026-07-05 00:00:00",0.011494252873563218
"UIL7","No Split","Quality","RME","% RME Instructions not followed","2026-07-12 00:00:00",0.012345679012345678
"UIL7","No Split","Quality","RME","% RME Instructions not followed","2026-07-19 00:00:00",
"UIL7","No Split","Quality","RME","% RME Instructions not followed","2026-07-26 00:00:00",0.014705882352941176
"UIL7","No Split","Quality","RME","% RME Instructions not followed","2026-08-02 00:00:00",
"UIL7","No Split","Quality","RME","% RME Instructions not followed","2026-08-09 00:00:00",0.012195121951219513
"UIL7","No Split","Quality","RME","% RME Instructions not followed","2026-08-16 00:00:00",
"UIL7","No Split","Quality","RME","% RME Instructions not followed","2026-08-23 00:00:00",0.011494252873563218
"UIL7","No Split","Quality","RME","% RME Instructions not followed","2026-08-30 00:00:00",
"UIL7","No Split","Quality","RME","% RME Instructions not followed","2026-09-06 00:00:00",0.045454545454545456
"UIL7","No Split","Quality","RME","% RME Bags damaged","2026-06-28 00:00:00",0.023809523809523808
"UIL7","No Split","Quality","RME","% RME Bags damaged","2026-07-05 00:00:00",0.011494252873563218
"UIL7","No Split","Quality","RME","% RME Bags damaged","2026-07-12 00:00:00",0.024691358024691357
"UIL7","No Split","Quality","RME","% RME Bags damaged","2026-07-19 00:00:00",0.04285714285714286
"UIL7","No Split","Quality","RME","% RME Bags damaged","2026-07-26 00:00:00",
"UIL7","No Split","Quality","RME","% RME Bags damaged","2026-08-02 00:00:00",0.03333333333333333
"UIL7","No Split","Quality","RME","% RME Bags damaged","2026-08-09 00:00:00",
"UIL7","No Split","Quality","RME","% RME Bags damaged","2026-08-16 00:00:00",0.04477611940298507
"UIL7","No Split","Quality","RME","% RME Bags damaged","2026-08-23 00:00:00",0.011494252873563218
"UIL7","No Split","Quality","RME","% RME Bags damaged","2026-08-30 00:00:00",
"UIL7","No Split","Quality","RME","% RME Bags damaged","2026-09-06 00:00:00",0.022727272727272728
"UIL7","No Split","Quality","RME","% RME Inappropriate Driver Conduct","2026-06-28 00:00:00",0.03571428571428571
"UIL7","No Split","Quality","RME","% RME Inappropriate Driver Conduct","2026-07-05 00:00:00",0.022988505747126436
"UIL7","No Split","Quality","RME","% RME Inappropriate Driver Conduct","2026-07-12 00:00:00",0.012345679012345678
"UIL7","No Split","Quality","RME","% RME Inappropriate Driver Conduct","2026-07-19 00:00:00",0.04285714285714286
"UIL7","No Split","Quality","RME","% RME Inappropriate Driver Conduct","2026-07-26 00:00:00",0.014705882352941176
"UIL7","No Split","Quality","RME","% RME Inappropriate Driver Conduct","2026-08-02 00:00:00",0.03333333333333333
"UIL7","No Split","Quality","RME","% RME Inappropriate Driver Conduct","2026-08-09 00:00:00",0.012195121951219513
"UIL7","No Split","Quality","RME","% RME Inappropriate Driver Conduct","2026-08-16 00:00:00",0.04477611940298507
"UIL7","No Split","Quality","RME","% RME Inappropriate Driver Conduct","2026-08-23 00:00:00",0.022988505747126436
"UIL7","No Split","Quality","RME","% RME Inappropriate Driver Conduct","2026-08-30 00:00:00",0.022222222222222223
"UIL7","No Split","Quality","RME","% RME Inappropriate Driver Conduct","2026-09-06 00:00:00",
"UIL7","No Split","Operational","Operational","% Late pickup routes","2026-06-28 00:00:00",0.08955223880597014
"UIL7","No Split","Operational","Operational","% Late pickup routes","2026-07-05 00:00:00",0.06153846153846154
"UIL7","No Split","Operational","Operational","% Late pickup routes","2026-07-12 00:00:00",0.04838709677419355
"UIL7","No Split","Operational","Operational","% Late pickup routes","2026-07-19 00:00:00",0.06349206349206349
"UIL7","No Split","Operational","Operational","% Late pickup routes","2026-07-26 00:00:00",0.014925373134328358
"UIL7","No Split","Operational","Operational","% Late pickup routes","2026-08-02 00:00:00",0
"UIL7","No Split","Operational","Operational","% Late pickup routes","2026-08-09 00:00:00",0
"UIL7","No Split","Operational","Operational","% Late pickup routes","2026-08-16 00:00:00",0
"UIL7","No Split","Operational","Operational","% Late pickup routes","2026-08-23 00:00:00",0.045454545454545456
"UIL7","No Split","Operational","Operational","% Late pickup routes","2026-08-30 00:00:00",0.04054054054054054
"UIL7","No Split","Operational","Operational","% Late pickup routes","2026-09-06 00:00:00",0.06976744186046512
"UIL7","No Split","Operational","Operational","% Late pickup routes (First window)","2026-06-28 00:00:00",0.045454545454545456
"UIL7","No Split","Operational","Operational","% Late pickup routes (First window)","2026-07-05 00:00:00",0.046511627906976744
"UIL7","No Split","Operational","Operational","% Late pickup routes (First window)","2026-07-12 00:00:00",0.024390243902439025
"UIL7","No Split","Operational","Operational","% Late pickup routes (First window)","2026-07-19 00:00:00",0.023809523809523808
"UIL7","No Split","Operational","Operational","% Late pickup routes (First window)","2026-07-26 00:00:00",0.023255813953488372
"UIL7","No Split","Operational","Operational","% Late pickup routes (First window)","2026-08-02 00:00:00",0
"UIL7","No Split","Operational","Operational","% Late pickup routes (First window)","2026-08-09 00:00:00",0
"UIL7","No Split","Operational","Operational","% Late pickup routes (First window)","2026-08-16 00:00:00",0
"UIL7","No Split","Operational","Operational","% Late pickup routes (First window)","2026-08-23 00:00:00",0.023255813953488372
"UIL7","No Split","Operational","Operational","% Late pickup routes (First window)","2026-08-30 00:00:00",0
"UIL7","No Split","Operational","Operational","% Late pickup routes (First window)","2026-09-06 00:00:00",0.07142857142857142
"UIL7","No Split","Operational","Operational","% Successful delivery orders","2026-06-28 00:00:00",0.9875886524822695
"UIL7","No Split","Operational","Operational","% Successful delivery orders","2026-07-05 00:00:00",0.998015873015873
"UIL7","No Split","Operational","Operational","% Successful delivery orders","2026-07-12 00:00:00",0.9839679358717435
"UIL7","No Split","Operational","Operational","% Successful delivery orders","2026-07-19 00:00:00",0.9852320675105485
"UIL7","No Split","Operational","Operational","% Successful delivery orders","2026-07-26 00:00:00",0.9847036328871893
"UIL7","No Split","Operational","Operational","% Successful delivery orders","2026-08-02 00:00:00",0.993103448275862
"UIL7","No Split","Operational","Operational","% Successful delivery orders","2026-08-09 00:00:00",0.9948186528497409
"UIL7","No Split","Operational","Operational","% Successful delivery orders","2026-08-16 00:00:00",0.9948849104859335
"UIL7","No Split","Operational","Operational","% Successful delivery orders","2026-08-23 00:00:00",0.9960474308300395
"UIL7","No Split","Operational","Operational","% Successful delivery orders","2026-08-30 00:00:00",0.9948096885813149
"UIL7","No Split","Operational","Operational","% Successful delivery orders","2026-09-06 00:00:00",0.9761904761904762
"UIL7","No Split","Operational","Operational","% Route Order Compliant","2026-06-28 00:00:00",0.582089552238806
"UIL7","No Split","Operational","Operational","% Route Order Compliant","2026-07-05 00:00:00",0.4307692307692308
"UIL7","No Split","Operational","Operational","% Route Order Compliant","2026-07-12 00:00:00",0.5
"UIL7","No Split","Operational","Operational","% Route Order Compliant","2026-07-19 00:00:00",0.42857142857142855
"UIL7","No Split","Operational","Operational","% Route Order Compliant","2026-07-26 00:00:00",0.373134328358209
"UIL7","No Split","Operational","Operational","% Route Order Compliant","2026-08-02 00:00:00",0.45454545454545453
"UIL7","No Split","Operational","Operational","% Route Order Compliant","2026-08-09 00:00:00",0.30434782608695654
"UIL7","No Split","Operational","Operational","% Route Order Compliant","2026-08-16 00:00:00",0.5416666666666666
"UIL7","No Split","Operational","Operational","% Route Order Compliant","2026-08-23 00:00:00",0.4090909090909091
"UIL7","No Split","Operational","Operational","% Route Order Compliant","2026-08-30 00:00:00",0.36486486486486486
"UIL7","No Split","Operational","Operational","% Route Order Compliant","2026-09-06 00:00:00",0.6744186046511628
"UIL7","No Split","Operational","Operational","% Route Order + Sequence Compliant","2026-06-28 00:00:00",0.04477611940298507
"UIL7","No Split","Operational","Operational","% Route Order + Sequence Compliant","2026-07-05 00:00:00",0.09230769230769231
"UIL7","No Split","Operational","Operational","% Route Order + Sequence Compliant","2026-07-12 00:00:00",0.04838709677419355
"UIL7","No Split","Operational","Operational","% Route Order + Sequence Compliant","2026-07-19 00:00:00",0.09523809523809523
"UIL7","No Split","Operational","Operational","% Route Order + Sequence Compliant","2026-07-26 00:00:00",0.05970149253731343
"UIL7","No Split","Operational","Operational","% Route Order + Sequence Compliant","2026-08-02 00:00:00",0.12727272727272726
"UIL7","No Split","Operational","Operational","% Route Order + Sequence Compliant","2026-08-09 00:00:00",0.043478260869565216
"UIL7","No Split","Operational","Operational","% Route Order + Sequence Compliant","2026-08-16 00:00:00",0.041666666666666664
"UIL7","No Split","Operational","Operational","% Route Order + Sequence Compliant","2026-08-23 00:00:00",0.09090909090909091
"UIL7","No Split","Operational","Operational","% Route Order + Sequence Compliant","2026-08-30 00:00:00",0.04054054054054054
"UIL7","No Split","Operational","Operational","% Route Order + Sequence Compliant","2026-09-06 00:00:00",0.046511627906976744
"UIL7","No Split","Operational","Operational","% Route Fulfillment Compliance","2026-06-28 00:00:00",0.9523809523809523
"UIL7","No Split","Operational","Operational","% Route Fulfillment Compliance","2026-07-05 00:00:00",0.8571428571428571
"UIL7","No Split","Operational","Operational","% Route Fulfillment Compliance","2026-07-12 00:00:00",0.9523809523809523
"UIL7","No Split","Operational","Operational","% Route Fulfillment Compliance","2026-07-19 00:00:00",0.9523809523809523
"UIL7","No Split","Operational","Operational","% Route Fulfillment Compliance","2026-07-26 00:00:00",1
"UIL7","No Split","Operational","Operational","% Route Fulfillment Compliance","2026-08-02 00:00:00",1
"UIL7","No Split","Operational","Operational","% Route Fulfillment Compliance","2026-08-09 00:00:00",1
"UIL7","No Split","Operational","Operational","% Route Fulfillment Compliance","2026-08-16 00:00:00",1
"UIL7","No Split","Operational","Operational","% Route Fulfillment Compliance","2026-08-23 00:00:00",0.9047619047619048
"UIL7","No Split","Operational","Operational","% Route Fulfillment Compliance","2026-08-30 00:00:00",1
"UIL7","No Split","Operational","Operational","% Route Fulfillment Compliance","2026-09-06 00:00:00",1
"UIT1","No Split","Quality","Timeliness","% Late","2026-06-28 00:00:00",0.025655021834061136
"UIT1","No Split","Quality","Timeliness","% Late","2026-07-05 00:00:00",0.02168525402726146
"UIT1","No Split","Quality","Timeliness","% Late","2026-07-12 00:00:00",0.026121902210314803
"UIT1","No Split","Quality","Timeliness","% Late","2026-07-19 00:00:00",0.026726057906458798
"UIT1","No Split","Quality","Timeliness","% Late","2026-07-26 00:00:00",0.01728201099764336
"UIT1","No Split","Quality","Timeliness","% Late","2026-08-02 00:00:00",0.036779324055666
"UIT1","No Split","Quality","Timeliness","% Late","2026-08-09 00:00:00",0.008784773060029283
"UIT1","No Split","Quality","Timeliness","% Late","2026-08-16 00:00:00",0.023681377825618945
"UIT1","No Split","Quality","Timeliness","% Late","2026-08-23 00:00:00",0.016176470588235296
"UIT1","No Split","Quality","Timeliness","% Late","2026-08-30 00:00:00",0.0600451467268623
"UIT1","No Split","Quality","Timeliness","% Late","2026-09-06 00:00:00",0.05710206995003569
"UIT1","No Split","Quality","Timeliness","~ % Late > 15","2026-06-28 00:00:00",0.01037117903930131
"UIT1","No Split","Quality","Timeliness","~ % Late > 15","2026-07-05 00:00:00",0.006195786864931847
"UIT1","No Split","Quality","Timeliness","~ % Late > 15","2026-07-12 00:00:00",0.012056262558606833
"UIT1","No Split","Quality","Timeliness","~ % Late > 15","2026-07-19 00:00:00",0.008908685968819599
"UIT1","No Split","Quality","Timeliness","~ % Late > 15","2026-07-26 00:00:00",0.006284367635506678
"UIT1","No Split","Quality","Timeliness","~ % Late > 15","2026-08-02 00:00:00",0.017892644135188866
"UIT1","No Split","Quality","Timeliness","~ % Late > 15","2026-08-09 00:00:00",0.004392386530014641
"UIT1","No Split","Quality","Timeliness","~ % Late > 15","2026-08-16 00:00:00",0.00968783638320775
"UIT1","No Split","Quality","Timeliness","~ % Late > 15","2026-08-23 00:00:00",0.009558823529411765
"UIT1","No Split","Quality","Timeliness","~ % Late > 15","2026-08-30 00:00:00",0.03431151241534989
"UIT1","No Split","Quality","Timeliness","~ % Late > 15","2026-09-06 00:00:00",0.023554603854389723
"UIT1","No Split","Quality","Full Delivery Failure","% FTFDF","2026-06-28 00:00:00",0.02074235807860262
"UIT1","No Split","Quality","Full Delivery Failure","% FTFDF","2026-07-05 00:00:00",0.020446096654275093
"UIT1","No Split","Quality","Full Delivery Failure","% FTFDF","2026-07-12 00:00:00",0.013395847287340924
"UIT1","No Split","Quality","Full Delivery Failure","% FTFDF","2026-07-19 00:00:00",0.015590200445434299
"UIT1","No Split","Quality","Full Delivery Failure","% FTFDF","2026-07-26 00:00:00",0.014925373134328358
"UIT1","No Split","Quality","Full Delivery Failure","% FTFDF","2026-08-02 00:00:00",0.017892644135188866
"UIT1","No Split","Quality","Full Delivery Failure","% FTFDF","2026-08-09 00:00:00",0.017569546120058566
"UIT1","No Split","Quality","Full Delivery Failure","% FTFDF","2026-08-16 00:00:00",0.01829924650161464
"UIT1","No Split","Quality","Full Delivery Failure","% FTFDF","2026-08-23 00:00:00",0.021323529411764706
"UIT1","No Split","Quality","Full Delivery Failure","% FTFDF","2026-08-30 00:00:00",0.023927765237020317
"UIT1","No Split","Quality","Full Delivery Failure","% FTFDF","2026-09-06 00:00:00",0.02212705210563883
"UIT1","No Split","Quality","Full Delivery Failure","% FOND","2026-06-28 00:00:00",0.018558951965065504
"UIT1","No Split","Quality","Full Delivery Failure","% FOND","2026-07-05 00:00:00",0.017967781908302356
"UIT1","No Split","Quality","Full Delivery Failure","% FOND","2026-07-12 00:00:00",0.011386470194239785
"UIT1","No Split","Quality","Full Delivery Failure","% FOND","2026-07-19 00:00:00",0.013363028953229399
"UIT1","No Split","Quality","Full Delivery Failure","% FOND","2026-07-26 00:00:00",0.012568735271013355
"UIT1","No Split","Quality","Full Delivery Failure","% FOND","2026-08-02 00:00:00",0.014910536779324055
"UIT1","No Split","Quality","Full Delivery Failure","% FOND","2026-08-09 00:00:00",0.016105417276720352
"UIT1","No Split","Quality","Full Delivery Failure","% FOND","2026-08-16 00:00:00",0.015069967707212056
"UIT1","No Split","Quality","Full Delivery Failure","% FOND","2026-08-23 00:00:00",0.016176470588235296
"UIT1","No Split","Quality","Full Delivery Failure","% FOND","2026-08-30 00:00:00",0.021218961625282168
"UIT1","No Split","Quality","Full Delivery Failure","% FOND","2026-09-06 00:00:00",0.01998572448251249
"UIT1","No Split","Quality","Full Delivery Failure","~ % FOND Ops controllable","2026-06-28 00:00:00",0.007096069868995633
"UIT1","No Split","Quality","Full Delivery Failure","~ % FOND Ops controllable","2026-07-05 00:00:00",0.008674101610904586
"UIT1","No Split","Quality","Full Delivery Failure","~ % FOND Ops controllable","2026-07-12 00:00:00",0.0026791694574681848
"UIT1","No Split","Quality","Full Delivery Failure","~ % FOND Ops controllable","2026-07-19 00:00:00",0.005196733481811433
"UIT1","No Split","Quality","Full Delivery Failure","~ % FOND Ops controllable","2026-07-26 00:00:00",0.004713275726630008
"UIT1","No Split","Quality","Full Delivery Failure","~ % FOND Ops controllable","2026-08-02 00:00:00",0.009940357852882704
"UIT1","No Split","Quality","Full Delivery Failure","~ % FOND Ops controllable","2026-08-09 00:00:00",0.0029282576866764276
"UIT1","No Split","Quality","Full Delivery Failure","~ % FOND Ops controllable","2026-08-16 00:00:00",0.0032292787944025836
"UIT1","No Split","Quality","Full Delivery Failure","~ % FOND Ops controllable","2026-08-23 00:00:00",0.008823529411764706
"UIT1","No Split","Quality","Full Delivery Failure","~ % FOND Ops controllable","2026-08-30 00:00:00",0.009932279909706547
"UIT1","No Split","Quality","Full Delivery Failure","~ % FOND Ops controllable","2026-09-06 00:00:00",0.012134189864382585
"UIT1","No Split","Quality","Full Delivery Failure","~ % FOND Picked up, address not found","2026-06-28 00:00:00",0
"UIT1","No Split","Quality","Full Delivery Failure","~ % FOND Picked up, address not found","2026-07-05 00:00:00",0.0012391573729863693
"UIT1","No Split","Quality","Full Delivery Failure","~ % FOND Picked up, address not found","2026-07-12 00:00:00",0
"UIT1","No Split","Quality","Full Delivery Failure","~ % FOND Picked up, address not found","2026-07-19 00:00:00",0
"UIT1","No Split","Quality","Full Delivery Failure","~ % FOND Picked up, address not found","2026-07-26 00:00:00",0.0007855459544383347
"UIT1","No Split","Quality","Full Delivery Failure","~ % FOND Picked up, address not found","2026-08-02 00:00:00",0
"UIT1","No Split","Quality","Full Delivery Failure","~ % FOND Picked up, address not found","2026-08-09 00:00:00",0
"UIT1","No Split","Quality","Full Delivery Failure","~ % FOND Picked up, address not found","2026-08-16 00:00:00",0
"UIT1","No Split","Quality","Full Delivery Failure","~ % FOND Picked up, address not found","2026-08-23 00:00:00",0.0007352941176470588
"UIT1","No Split","Quality","Full Delivery Failure","~ % FOND Picked up, address not found","2026-08-30 00:00:00",0.0004514672686230248
"UIT1","No Split","Quality","Full Delivery Failure","~ % FOND Picked up, address not found","2026-09-06 00:00:00",0
"UIT1","No Split","Quality","Full Delivery Failure","~ % FOND Picked up, age verification failed","2026-06-28 00:00:00",0
"UIT1","No Split","Quality","Full Delivery Failure","~ % FOND Picked up, age verification failed","2026-07-05 00:00:00",0
"UIT1","No Split","Quality","Full Delivery Failure","~ % FOND Picked up, age verification failed","2026-07-12 00:00:00",0
"UIT1","No Split","Quality","Full Delivery Failure","~ % FOND Picked up, age verification failed","2026-07-19 00:00:00",0
"UIT1","No Split","Quality","Full Delivery Failure","~ % FOND Picked up, age verification failed","2026-07-26 00:00:00",0
"UIT1","No Split","Quality","Full Delivery Failure","~ % FOND Picked up, age verification failed","2026-08-02 00:00:00",0
"UIT1","No Split","Quality","Full Delivery Failure","~ % FOND Picked up, age verification failed","2026-08-09 00:00:00",0
"UIT1","No Split","Quality","Full Delivery Failure","~ % FOND Picked up, age verification failed","2026-08-16 00:00:00",0
"UIT1","No Split","Quality","Full Delivery Failure","~ % FOND Picked up, age verification failed","2026-08-23 00:00:00",0
"UIT1","No Split","Quality","Full Delivery Failure","~ % FOND Picked up, age verification failed","2026-08-30 00:00:00",0
"UIT1","No Split","Quality","Full Delivery Failure","~ % FOND Picked up, age verification failed","2026-09-06 00:00:00",0
"UIT1","No Split","Quality","Full Delivery Failure","~ % FOND Picked up, customer unavailable","2026-06-28 00:00:00",0.002183406113537118
"UIT1","No Split","Quality","Full Delivery Failure","~ % FOND Picked up, customer unavailable","2026-07-05 00:00:00",0.0018587360594795538
"UIT1","No Split","Quality","Full Delivery Failure","~ % FOND Picked up, customer unavailable","2026-07-12 00:00:00",0
"UIT1","No Split","Quality","Full Delivery Failure","~ % FOND Picked up, customer unavailable","2026-07-19 00:00:00",0.0022271714922048997
"UIT1","No Split","Quality","Full Delivery Failure","~ % FOND Picked up, customer unavailable","2026-07-26 00:00:00",0.0015710919088766694
"UIT1","No Split","Quality","Full Delivery Failure","~ % FOND Picked up, customer unavailable","2026-08-02 00:00:00",0.005964214711729622
"UIT1","No Split","Quality","Full Delivery Failure","~ % FOND Picked up, customer unavailable","2026-08-09 00:00:00",0.0014641288433382138
"UIT1","No Split","Quality","Full Delivery Failure","~ % FOND Picked up, customer unavailable","2026-08-16 00:00:00",0.001076426264800861
"UIT1","No Split","Quality","Full Delivery Failure","~ % FOND Picked up, customer unavailable","2026-08-23 00:00:00",0.0058823529411764705
"UIT1","No Split","Quality","Full Delivery Failure","~ % FOND Picked up, customer unavailable","2026-08-30 00:00:00",0.004063205417607223
"UIT1","No Split","Quality","Full Delivery Failure","~ % FOND Picked up, customer unavailable","2026-09-06 00:00:00",0.0035688793718772305
"UIT1","No Split","Quality","Full Delivery Failure","~ % FOND Picked up, inaccesible delivery location","2026-06-28 00:00:00",0.0032751091703056767
"UIT1","No Split","Quality","Full Delivery Failure","~ % FOND Picked up, inaccesible delivery location","2026-07-05 00:00:00",0.004956629491945477
"UIT1","No Split","Quality","Full Delivery Failure","~ % FOND Picked up, inaccesible delivery location","2026-07-12 00:00:00",0.0013395847287340924
"UIT1","No Split","Quality","Full Delivery Failure","~ % FOND Picked up, inaccesible delivery location","2026-07-19 00:00:00",0.0014847809948032665
"UIT1","No Split","Quality","Full Delivery Failure","~ % FOND Picked up, inaccesible delivery location","2026-07-26 00:00:00",0.0007855459544383347
"UIT1","No Split","Quality","Full Delivery Failure","~ % FOND Picked up, inaccesible delivery location","2026-08-02 00:00:00",0.0009940357852882703
"UIT1","No Split","Quality","Full Delivery Failure","~ % FOND Picked up, inaccesible delivery location","2026-08-09 00:00:00",0.0014641288433382138
"UIT1","No Split","Quality","Full Delivery Failure","~ % FOND Picked up, inaccesible delivery location","2026-08-16 00:00:00",0.001076426264800861
"UIT1","No Split","Quality","Full Delivery Failure","~ % FOND Picked up, inaccesible delivery location","2026-08-23 00:00:00",0.0007352941176470588
"UIT1","No Split","Quality","Full Delivery Failure","~ % FOND Picked up, inaccesible delivery location","2026-08-30 00:00:00",0.0036117381489841984
"UIT1","No Split","Quality","Full Delivery Failure","~ % FOND Picked up, inaccesible delivery location","2026-09-06 00:00:00",0.005710206995003569
"UIT1","No Split","Quality","Full Delivery Failure","~ % FOND Picked up, item damaged","2026-06-28 00:00:00",0
"UIT1","No Split","Quality","Full Delivery Failure","~ % FOND Picked up, item damaged","2026-07-05 00:00:00",0
"UIT1","No Split","Quality","Full Delivery Failure","~ % FOND Picked up, item damaged","2026-07-12 00:00:00",0
"UIT1","No Split","Quality","Full Delivery Failure","~ % FOND Picked up, item damaged","2026-07-19 00:00:00",0
"UIT1","No Split","Quality","Full Delivery Failure","~ % FOND Picked up, item damaged","2026-07-26 00:00:00",0
"UIT1","No Split","Quality","Full Delivery Failure","~ % FOND Picked up, item damaged","2026-08-02 00:00:00",0.002982107355864811
"UIT1","No Split","Quality","Full Delivery Failure","~ % FOND Picked up, item damaged","2026-08-09 00:00:00",0
"UIT1","No Split","Quality","Full Delivery Failure","~ % FOND Picked up, item damaged","2026-08-16 00:00:00",0
"UIT1","No Split","Quality","Full Delivery Failure","~ % FOND Picked up, item damaged","2026-08-23 00:00:00",0
"UIT1","No Split","Quality","Full Delivery Failure","~ % FOND Picked up, item damaged","2026-08-30 00:00:00",0
"UIT1","No Split","Quality","Full Delivery Failure","~ % FOND Picked up, item damaged","2026-09-06 00:00:00",0
"UIT1","No Split","Quality","Full Delivery Failure","~ % FOND Picked up, item incorrect","2026-06-28 00:00:00",0
"UIT1","No Split","Quality","Full Delivery Failure","~ % FOND Picked up, item incorrect","2026-07-05 00:00:00",0
"UIT1","No Split","Quality","Full Delivery Failure","~ % FOND Picked up, item incorrect","2026-07-12 00:00:00",0
"UIT1","No Split","Quality","Full Delivery Failure","~ % FOND Picked up, item incorrect","2026-07-19 00:00:00",0
"UIT1","No Split","Quality","Full Delivery Failure","~ % FOND Picked up, item incorrect","2026-07-26 00:00:00",0
"UIT1","No Split","Quality","Full Delivery Failure","~ % FOND Picked up, item incorrect","2026-08-02 00:00:00",0
"UIT1","No Split","Quality","Full Delivery Failure","~ % FOND Picked up, item incorrect","2026-08-09 00:00:00",0
"UIT1","No Split","Quality","Full Delivery Failure","~ % FOND Picked up, item incorrect","2026-08-16 00:00:00",0
"UIT1","No Split","Quality","Full Delivery Failure","~ % FOND Picked up, item incorrect","2026-08-23 00:00:00",0
"UIT1","No Split","Quality","Full Delivery Failure","~ % FOND Picked up, item incorrect","2026-08-30 00:00:00",0
"UIT1","No Split","Quality","Full Delivery Failure","~ % FOND Picked up, item incorrect","2026-09-06 00:00:00",0
"UIT1","No Split","Quality","Full Delivery Failure","~ % FOND Picked up, missing or incorrect access code","2026-06-28 00:00:00",0
"UIT1","No Split","Quality","Full Delivery Failure","~ % FOND Picked up, missing or incorrect access code","2026-07-05 00:00:00",0
"UIT1","No Split","Quality","Full Delivery Failure","~ % FOND Picked up, missing or incorrect access code","2026-07-12 00:00:00",0
"UIT1","No Split","Quality","Full Delivery Failure","~ % FOND Picked up, missing or incorrect access code","2026-07-19 00:00:00",0
"UIT1","No Split","Quality","Full Delivery Failure","~ % FOND Picked up, missing or incorrect access code","2026-07-26 00:00:00",0
"UIT1","No Split","Quality","Full Delivery Failure","~ % FOND Picked up, missing or incorrect access code","2026-08-02 00:00:00",0
"UIT1","No Split","Quality","Full Delivery Failure","~ % FOND Picked up, missing or incorrect access code","2026-08-09 00:00:00",0
"UIT1","No Split","Quality","Full Delivery Failure","~ % FOND Picked up, missing or incorrect access code","2026-08-16 00:00:00",0
"UIT1","No Split","Quality","Full Delivery Failure","~ % FOND Picked up, missing or incorrect access code","2026-08-23 00:00:00",0
"UIT1","No Split","Quality","Full Delivery Failure","~ % FOND Picked up, missing or incorrect access code","2026-08-30 00:00:00",0
"UIT1","No Split","Quality","Full Delivery Failure","~ % FOND Picked up, missing or incorrect access code","2026-09-06 00:00:00",0.0007137758743754461
"UIT1","No Split","Quality","Full Delivery Failure","~ % FOND Picked up, no items delivered","2026-06-28 00:00:00",0
"UIT1","No Split","Quality","Full Delivery Failure","~ % FOND Picked up, no items delivered","2026-07-05 00:00:00",0
"UIT1","No Split","Quality","Full Delivery Failure","~ % FOND Picked up, no items delivered","2026-07-12 00:00:00",0
"UIT1","No Split","Quality","Full Delivery Failure","~ % FOND Picked up, no items delivered","2026-07-19 00:00:00",0
"UIT1","No Split","Quality","Full Delivery Failure","~ % FOND Picked up, no items delivered","2026-07-26 00:00:00",0
"UIT1","No Split","Quality","Full Delivery Failure","~ % FOND Picked up, no items delivered","2026-08-02 00:00:00",0
"UIT1","No Split","Quality","Full Delivery Failure","~ % FOND Picked up, no items delivered","2026-08-09 00:00:00",0
"UIT1","No Split","Quality","Full Delivery Failure","~ % FOND Picked up, no items delivered","2026-08-16 00:00:00",0
"UIT1","No Split","Quality","Full Delivery Failure","~ % FOND Picked up, no items delivered","2026-08-23 00:00:00",0
"UIT1","No Split","Quality","Full Delivery Failure","~ % FOND Picked up, no items delivered","2026-08-30 00:00:00",0
"UIT1","No Split","Quality","Full Delivery Failure","~ % FOND Picked up, no items delivered","2026-09-06 00:00:00",0
"UIT1","No Split","Quality","Full Delivery Failure","~ % FOND Picked up, no secure location","2026-06-28 00:00:00",0.0016375545851528383
"UIT1","No Split","Quality","Full Delivery Failure","~ % FOND Picked up, no secure location","2026-07-05 00:00:00",0.0006195786864931846
"UIT1","No Split","Quality","Full Delivery Failure","~ % FOND Picked up, no secure location","2026-07-12 00:00:00",0.0013395847287340924
"UIT1","No Split","Quality","Full Delivery Failure","~ % FOND Picked up, no secure location","2026-07-19 00:00:00",0.0014847809948032665
"UIT1","No Split","Quality","Full Delivery Failure","~ % FOND Picked up, no secure location","2026-07-26 00:00:00",0.0007855459544383347
"UIT1","No Split","Quality","Full Delivery Failure","~ % FOND Picked up, no secure location","2026-08-02 00:00:00",0
"UIT1","No Split","Quality","Full Delivery Failure","~ % FOND Picked up, no secure location","2026-08-09 00:00:00",0
"UIT1","No Split","Quality","Full Delivery Failure","~ % FOND Picked up, no secure location","2026-08-16 00:00:00",0.001076426264800861
"UIT1","No Split","Quality","Full Delivery Failure","~ % FOND Picked up, no secure location","2026-08-23 00:00:00",0.0014705882352941176
"UIT1","No Split","Quality","Full Delivery Failure","~ % FOND Picked up, no secure location","2026-08-30 00:00:00",0.0013544018058690745
"UIT1","No Split","Quality","Full Delivery Failure","~ % FOND Picked up, no secure location","2026-09-06 00:00:00",0.0021413276231263384
"UIT1","No Split","Quality","Full Delivery Failure","~ % FOND Picked up, object missing","2026-06-28 00:00:00",0
"UIT1","No Split","Quality","Full Delivery Failure","~ % FOND Picked up, object missing","2026-07-05 00:00:00",0
"UIT1","No Split","Quality","Full Delivery Failure","~ % FOND Picked up, object missing","2026-07-12 00:00:00",0
"UIT1","No Split","Quality","Full Delivery Failure","~ % FOND Picked up, object missing","2026-07-19 00:00:00",0
"UIT1","No Split","Quality","Full Delivery Failure","~ % FOND Picked up, object missing","2026-07-26 00:00:00",0.0007855459544383347
"UIT1","No Split","Quality","Full Delivery Failure","~ % FOND Picked up, object missing","2026-08-02 00:00:00",0
"UIT1","No Split","Quality","Full Delivery Failure","~ % FOND Picked up, object missing","2026-08-09 00:00:00",0
"UIT1","No Split","Quality","Full Delivery Failure","~ % FOND Picked up, object missing","2026-08-16 00:00:00",0
"UIT1","No Split","Quality","Full Delivery Failure","~ % FOND Picked up, object missing","2026-08-23 00:00:00",0
"UIT1","No Split","Quality","Full Delivery Failure","~ % FOND Picked up, object missing","2026-08-30 00:00:00",0
"UIT1","No Split","Quality","Full Delivery Failure","~ % FOND Picked up, object missing","2026-09-06 00:00:00",0
"UIT1","No Split","Quality","Full Delivery Failure","~ % FOND Picked up, rejected","2026-06-28 00:00:00",0
"UIT1","No Split","Quality","Full Delivery Failure","~ % FOND Picked up, rejected","2026-07-05 00:00:00",0
"UIT1","No Split","Quality","Full Delivery Failure","~ % FOND Picked up, rejected","2026-07-12 00:00:00",0
"UIT1","No Split","Quality","Full Delivery Failure","~ % FOND Picked up, rejected","2026-07-19 00:00:00",0
"UIT1","No Split","Quality","Full Delivery Failure","~ % FOND Picked up, rejected","2026-07-26 00:00:00",0
"UIT1","No Split","Quality","Full Delivery Failure","~ % FOND Picked up, rejected","2026-08-02 00:00:00",0
"UIT1","No Split","Quality","Full Delivery Failure","~ % FOND Picked up, rejected","2026-08-09 00:00:00",0
"UIT1","No Split","Quality","Full Delivery Failure","~ % FOND Picked up, rejected","2026-08-16 00:00:00",0
"UIT1","No Split","Quality","Full Delivery Failure","~ % FOND Picked up, rejected","2026-08-23 00:00:00",0
"UIT1","No Split","Quality","Full Delivery Failure","~ % FOND Picked up, rejected","2026-08-30 00:00:00",0
"UIT1","No Split","Quality","Full Delivery Failure","~ % FOND Picked up, rejected","2026-09-06 00:00:00",0
"UIT1","No Split","Quality","Full Delivery Failure","~ % FOND Picked up, other","2026-06-28 00:00:00",0
"UIT1","No Split","Quality","Full Delivery Failure","~ % FOND Picked up, other","2026-07-05 00:00:00",0
"UIT1","No Split","Quality","Full Delivery Failure","~ % FOND Picked up, other","2026-07-12 00:00:00",0
"UIT1","No Split","Quality","Full Delivery Failure","~ % FOND Picked up, other","2026-07-19 00:00:00",0
"UIT1","No Split","Quality","Full Delivery Failure","~ % FOND Picked up, other","2026-07-26 00:00:00",0
"UIT1","No Split","Quality","Full Delivery Failure","~ % FOND Picked up, other","2026-08-02 00:00:00",0
"UIT1","No Split","Quality","Full Delivery Failure","~ % FOND Picked up, other","2026-08-09 00:00:00",0
"UIT1","No Split","Quality","Full Delivery Failure","~ % FOND Picked up, other","2026-08-16 00:00:00",0
"UIT1","No Split","Quality","Full Delivery Failure","~ % FOND Picked up, other","2026-08-23 00:00:00",0
"UIT1","No Split","Quality","Full Delivery Failure","~ % FOND Picked up, other","2026-08-30 00:00:00",0
"UIT1","No Split","Quality","Full Delivery Failure","~ % FOND Picked up, other","2026-09-06 00:00:00",0
"UIT1","No Split","Quality","Full Delivery Failure","% FTDC","2026-06-28 00:00:00",0.001091703056768559
"UIT1","No Split","Quality","Full Delivery Failure","% FTDC","2026-07-05 00:00:00",0
"UIT1","No Split","Quality","Full Delivery Failure","% FTDC","2026-07-12 00:00:00",0.0006697923643670462
"UIT1","No Split","Quality","Full Delivery Failure","% FTDC","2026-07-19 00:00:00",0.0007423904974016332
"UIT1","No Split","Quality","Full Delivery Failure","% FTDC","2026-07-26 00:00:00",0
"UIT1","No Split","Quality","Full Delivery Failure","% FTDC","2026-08-02 00:00:00",0
"UIT1","No Split","Quality","Full Delivery Failure","% FTDC","2026-08-09 00:00:00",0
"UIT1","No Split","Quality","Full Delivery Failure","% FTDC","2026-08-16 00:00:00",0
"UIT1","No Split","Quality","Full Delivery Failure","% FTDC","2026-08-23 00:00:00",0.0007352941176470588
"UIT1","No Split","Quality","Full Delivery Failure","% FTDC","2026-08-30 00:00:00",0.0004514672686230248
"UIT1","No Split","Quality","Full Delivery Failure","% FTDC","2026-09-06 00:00:00",0.0007137758743754461
"UIT1","No Split","Quality","Full Delivery Failure","% PSC","2026-06-28 00:00:00",0.001091703056768559
"UIT1","No Split","Quality","Full Delivery Failure","% PSC","2026-07-05 00:00:00",0
"UIT1","No Split","Quality","Full Delivery Failure","% PSC","2026-07-12 00:00:00",0.0006697923643670462
"UIT1","No Split","Quality","Full Delivery Failure","% PSC","2026-07-19 00:00:00",0.0007423904974016332
"UIT1","No Split","Quality","Full Delivery Failure","% PSC","2026-07-26 00:00:00",0
"UIT1","No Split","Quality","Full Delivery Failure","% PSC","2026-08-02 00:00:00",0
"UIT1","No Split","Quality","Full Delivery Failure","% PSC","2026-08-09 00:00:00",0
"UIT1","No Split","Quality","Full Delivery Failure","% PSC","2026-08-16 00:00:00",0
"UIT1","No Split","Quality","Full Delivery Failure","% PSC","2026-08-23 00:00:00",0.0007352941176470588
"UIT1","No Split","Quality","Full Delivery Failure","% PSC","2026-08-30 00:00:00",0.0004514672686230248
"UIT1","No Split","Quality","Full Delivery Failure","% PSC","2026-09-06 00:00:00",0.0007137758743754461
"UIT1","No Split","Quality","Full Delivery Failure","~ % PSC Not assigned","2026-06-28 00:00:00",0
"UIT1","No Split","Quality","Full Delivery Failure","~ % PSC Not assigned","2026-07-05 00:00:00",0
"UIT1","No Split","Quality","Full Delivery Failure","~ % PSC Not assigned","2026-07-12 00:00:00",0
"UIT1","No Split","Quality","Full Delivery Failure","~ % PSC Not assigned","2026-07-19 00:00:00",0
"UIT1","No Split","Quality","Full Delivery Failure","~ % PSC Not assigned","2026-07-26 00:00:00",0
"UIT1","No Split","Quality","Full Delivery Failure","~ % PSC Not assigned","2026-08-02 00:00:00",0
"UIT1","No Split","Quality","Full Delivery Failure","~ % PSC Not assigned","2026-08-09 00:00:00",0
"UIT1","No Split","Quality","Full Delivery Failure","~ % PSC Not assigned","2026-08-16 00:00:00",0
"UIT1","No Split","Quality","Full Delivery Failure","~ % PSC Not assigned","2026-08-23 00:00:00",0
"UIT1","No Split","Quality","Full Delivery Failure","~ % PSC Not assigned","2026-08-30 00:00:00",0
"UIT1","No Split","Quality","Full Delivery Failure","~ % PSC Not assigned","2026-09-06 00:00:00",0
"UIT1","No Split","Quality","Full Delivery Failure","~ % PSC Assigned, not picked up","2026-06-28 00:00:00",0
"UIT1","No Split","Quality","Full Delivery Failure","~ % PSC Assigned, not picked up","2026-07-05 00:00:00",0
"UIT1","No Split","Quality","Full Delivery Failure","~ % PSC Assigned, not picked up","2026-07-12 00:00:00",0
"UIT1","No Split","Quality","Full Delivery Failure","~ % PSC Assigned, not picked up","2026-07-19 00:00:00",0
"UIT1","No Split","Quality","Full Delivery Failure","~ % PSC Assigned, not picked up","2026-07-26 00:00:00",0
"UIT1","No Split","Quality","Full Delivery Failure","~ % PSC Assigned, not picked up","2026-08-02 00:00:00",0
"UIT1","No Split","Quality","Full Delivery Failure","~ % PSC Assigned, not picked up","2026-08-09 00:00:00",0
"UIT1","No Split","Quality","Full Delivery Failure","~ % PSC Assigned, not picked up","2026-08-16 00:00:00",0
"UIT1","No Split","Quality","Full Delivery Failure","~ % PSC Assigned, not picked up","2026-08-23 00:00:00",0
"UIT1","No Split","Quality","Full Delivery Failure","~ % PSC Assigned, not picked up","2026-08-30 00:00:00",0
"UIT1","No Split","Quality","Full Delivery Failure","~ % PSC Assigned, not picked up","2026-09-06 00:00:00",0.0007137758743754461
"UIT1","No Split","Quality","Full Delivery Failure","~ % PSC Picked up, not delivered","2026-06-28 00:00:00",0.001091703056768559
"UIT1","No Split","Quality","Full Delivery Failure","~ % PSC Picked up, not delivered","2026-07-05 00:00:00",0
"UIT1","No Split","Quality","Full Delivery Failure","~ % PSC Picked up, not delivered","2026-07-12 00:00:00",0.0006697923643670462
"UIT1","No Split","Quality","Full Delivery Failure","~ % PSC Picked up, not delivered","2026-07-19 00:00:00",0.0007423904974016332
"UIT1","No Split","Quality","Full Delivery Failure","~ % PSC Picked up, not delivered","2026-07-26 00:00:00",0
"UIT1","No Split","Quality","Full Delivery Failure","~ % PSC Picked up, not delivered","2026-08-02 00:00:00",0
"UIT1","No Split","Quality","Full Delivery Failure","~ % PSC Picked up, not delivered","2026-08-09 00:00:00",0
"UIT1","No Split","Quality","Full Delivery Failure","~ % PSC Picked up, not delivered","2026-08-16 00:00:00",0
"UIT1","No Split","Quality","Full Delivery Failure","~ % PSC Picked up, not delivered","2026-08-23 00:00:00",0.0007352941176470588
"UIT1","No Split","Quality","Full Delivery Failure","~ % PSC Picked up, not delivered","2026-08-30 00:00:00",0.0004514672686230248
"UIT1","No Split","Quality","Full Delivery Failure","~ % PSC Picked up, not delivered","2026-09-06 00:00:00",0
"UIT1","No Split","Quality","Full Delivery Failure","~ % PSC Unknown ops cancellation","2026-06-28 00:00:00",0
"UIT1","No Split","Quality","Full Delivery Failure","~ % PSC Unknown ops cancellation","2026-07-05 00:00:00",0
"UIT1","No Split","Quality","Full Delivery Failure","~ % PSC Unknown ops cancellation","2026-07-12 00:00:00",0
"UIT1","No Split","Quality","Full Delivery Failure","~ % PSC Unknown ops cancellation","2026-07-19 00:00:00",0
"UIT1","No Split","Quality","Full Delivery Failure","~ % PSC Unknown ops cancellation","2026-07-26 00:00:00",0
"UIT1","No Split","Quality","Full Delivery Failure","~ % PSC Unknown ops cancellation","2026-08-02 00:00:00",0
"UIT1","No Split","Quality","Full Delivery Failure","~ % PSC Unknown ops cancellation","2026-08-09 00:00:00",0
"UIT1","No Split","Quality","Full Delivery Failure","~ % PSC Unknown ops cancellation","2026-08-16 00:00:00",0
"UIT1","No Split","Quality","Full Delivery Failure","~ % PSC Unknown ops cancellation","2026-08-23 00:00:00",0
"UIT1","No Split","Quality","Full Delivery Failure","~ % PSC Unknown ops cancellation","2026-08-30 00:00:00",0
"UIT1","No Split","Quality","Full Delivery Failure","~ % PSC Unknown ops cancellation","2026-09-06 00:00:00",0
"UIT1","No Split","Quality","Full Delivery Failure","% FDNR","2026-06-28 00:00:00",0.0016375545851528383
"UIT1","No Split","Quality","Full Delivery Failure","% FDNR","2026-07-05 00:00:00",0
"UIT1","No Split","Quality","Full Delivery Failure","% FDNR","2026-07-12 00:00:00",0.0006697923643670462
"UIT1","No Split","Quality","Full Delivery Failure","% FDNR","2026-07-19 00:00:00",0.0014847809948032665
"UIT1","No Split","Quality","Full Delivery Failure","% FDNR","2026-07-26 00:00:00",0.0015710919088766694
"UIT1","No Split","Quality","Full Delivery Failure","% FDNR","2026-08-02 00:00:00",0.0009940357852882703
"UIT1","No Split","Quality","Full Delivery Failure","% FDNR","2026-08-09 00:00:00",0.0014641288433382138
"UIT1","No Split","Quality","Full Delivery Failure","% FDNR","2026-08-16 00:00:00",0
"UIT1","No Split","Quality","Full Delivery Failure","% FDNR","2026-08-23 00:00:00",0
"UIT1","No Split","Quality","Full Delivery Failure","% FDNR","2026-08-30 00:00:00",0.0004514672686230248
"UIT1","No Split","Quality","Full Delivery Failure","% FDNR","2026-09-06 00:00:00",0
"UIT1","No Split","Quality","Partial Delivery Failure","% FTPDF","2026-06-28 00:00:00",0.0032751091703056767
"UIT1","No Split","Quality","Partial Delivery Failure","% FTPDF","2026-07-05 00:00:00",0.0024783147459727386
"UIT1","No Split","Quality","Partial Delivery Failure","% FTPDF","2026-07-12 00:00:00",0.0026791694574681848
"UIT1","No Split","Quality","Partial Delivery Failure","% FTPDF","2026-07-19 00:00:00",0.003711952487008166
"UIT1","No Split","Quality","Partial Delivery Failure","% FTPDF","2026-07-26 00:00:00",0.0054988216810683424
"UIT1","No Split","Quality","Partial Delivery Failure","% FTPDF","2026-08-02 00:00:00",0.0009940357852882703
"UIT1","No Split","Quality","Partial Delivery Failure","% FTPDF","2026-08-09 00:00:00",0.0014641288433382138
"UIT1","No Split","Quality","Partial Delivery Failure","% FTPDF","2026-08-16 00:00:00",0.001076426264800861
"UIT1","No Split","Quality","Partial Delivery Failure","% FTPDF","2026-08-23 00:00:00",0.005147058823529412
"UIT1","No Split","Quality","Partial Delivery Failure","% FTPDF","2026-08-30 00:00:00",0.010835214446952596
"UIT1","No Split","Quality","Partial Delivery Failure","% FTPDF","2026-09-06 00:00:00",0.007137758743754461
"UIT1","No Split","Quality","Partial Delivery Failure","% POND","2026-06-28 00:00:00",0.0027292576419213972
"UIT1","No Split","Quality","Partial Delivery Failure","% POND","2026-07-05 00:00:00",0.0024783147459727386
"UIT1","No Split","Quality","Partial Delivery Failure","% POND","2026-07-12 00:00:00",0.0026791694574681848
"UIT1","No Split","Quality","Partial Delivery Failure","% POND","2026-07-19 00:00:00",0.002969561989606533
"UIT1","No Split","Quality","Partial Delivery Failure","% POND","2026-07-26 00:00:00",0.0054988216810683424
"UIT1","No Split","Quality","Partial Delivery Failure","% POND","2026-08-02 00:00:00",0.0009940357852882703
"UIT1","No Split","Quality","Partial Delivery Failure","% POND","2026-08-09 00:00:00",0.0014641288433382138
"UIT1","No Split","Quality","Partial Delivery Failure","% POND","2026-08-16 00:00:00",0.001076426264800861
"UIT1","No Split","Quality","Partial Delivery Failure","% POND","2026-08-23 00:00:00",0.005147058823529412
"UIT1","No Split","Quality","Partial Delivery Failure","% POND","2026-08-30 00:00:00",0.009932279909706547
"UIT1","No Split","Quality","Partial Delivery Failure","% POND","2026-09-06 00:00:00",0.007137758743754461
"UIT1","No Split","Quality","Partial Delivery Failure","% PDNR","2026-06-28 00:00:00",0.004366812227074236
"UIT1","No Split","Quality","Partial Delivery Failure","% PDNR","2026-07-05 00:00:00",0.004337050805452293
"UIT1","No Split","Quality","Partial Delivery Failure","% PDNR","2026-07-12 00:00:00",0.0013395847287340924
"UIT1","No Split","Quality","Partial Delivery Failure","% PDNR","2026-07-19 00:00:00",0.007423904974016332
"UIT1","No Split","Quality","Partial Delivery Failure","% PDNR","2026-07-26 00:00:00",0.004713275726630008
"UIT1","No Split","Quality","Partial Delivery Failure","% PDNR","2026-08-02 00:00:00",0.005964214711729622
"UIT1","No Split","Quality","Partial Delivery Failure","% PDNR","2026-08-09 00:00:00",0.0029282576866764276
"UIT1","No Split","Quality","Partial Delivery Failure","% PDNR","2026-08-16 00:00:00",0.004305705059203444
"UIT1","No Split","Quality","Partial Delivery Failure","% PDNR","2026-08-23 00:00:00",0.007352941176470588
"UIT1","No Split","Quality","Partial Delivery Failure","% PDNR","2026-08-30 00:00:00",0.004514672686230248
"UIT1","No Split","Quality","Partial Delivery Failure","% PDNR","2026-09-06 00:00:00",0.0021413276231263384
"UIT1","No Split","Quality","Partial Delivery Failure","% Damage Items","2026-06-28 00:00:00",0.008733624454148471
"UIT1","No Split","Quality","Partial Delivery Failure","% Damage Items","2026-07-05 00:00:00",0.010532837670384139
"UIT1","No Split","Quality","Partial Delivery Failure","% Damage Items","2026-07-12 00:00:00",0.010716677829872739
"UIT1","No Split","Quality","Partial Delivery Failure","% Damage Items","2026-07-19 00:00:00",0.011135857461024499
"UIT1","No Split","Quality","Partial Delivery Failure","% Damage Items","2026-07-26 00:00:00",0.015710919088766692
"UIT1","No Split","Quality","Partial Delivery Failure","% Damage Items","2026-08-02 00:00:00",0.020874751491053677
"UIT1","No Split","Quality","Partial Delivery Failure","% Damage Items","2026-08-09 00:00:00",0.017569546120058566
"UIT1","No Split","Quality","Partial Delivery Failure","% Damage Items","2026-08-16 00:00:00",0.010764262648008612
"UIT1","No Split","Quality","Partial Delivery Failure","% Damage Items","2026-08-23 00:00:00",0.015441176470588236
"UIT1","No Split","Quality","Partial Delivery Failure","% Damage Items","2026-08-30 00:00:00",0.021218961625282168
"UIT1","No Split","Quality","Partial Delivery Failure","% Damage Items","2026-09-06 00:00:00",0.010706638115631691
"UIT1","No Split","Quality","Partial Delivery Failure","% Missing Items","2026-06-28 00:00:00",0.009825327510917031
"UIT1","No Split","Quality","Partial Delivery Failure","% Missing Items","2026-07-05 00:00:00",0.00929368029739777
"UIT1","No Split","Quality","Partial Delivery Failure","% Missing Items","2026-07-12 00:00:00",0.008707300736771601
"UIT1","No Split","Quality","Partial Delivery Failure","% Missing Items","2026-07-19 00:00:00",0.014105419450631032
"UIT1","No Split","Quality","Partial Delivery Failure","% Missing Items","2026-07-26 00:00:00",0.01021209740769835
"UIT1","No Split","Quality","Partial Delivery Failure","% Missing Items","2026-08-02 00:00:00",0.011928429423459244
"UIT1","No Split","Quality","Partial Delivery Failure","% Missing Items","2026-08-09 00:00:00",0.020497803806734993
"UIT1","No Split","Quality","Partial Delivery Failure","% Missing Items","2026-08-16 00:00:00",0.015069967707212056
"UIT1","No Split","Quality","Partial Delivery Failure","% Missing Items","2026-08-23 00:00:00",0.020588235294117647
"UIT1","No Split","Quality","Partial Delivery Failure","% Missing Items","2026-08-30 00:00:00",0.01399548532731377
"UIT1","No Split","Quality","Partial Delivery Failure","% Missing Items","2026-09-06 00:00:00",0.009992862241256246
"UIT1","No Split","Quality","Partial Delivery Failure","% Full bag damaged","2026-06-28 00:00:00",0.0016375545851528383
"UIT1","No Split","Quality","Partial Delivery Failure","% Full bag damaged","2026-07-05 00:00:00",0.0012391573729863693
"UIT1","No Split","Quality","Partial Delivery Failure","% Full bag damaged","2026-07-12 00:00:00",0.0006697923643670462
"UIT1","No Split","Quality","Partial Delivery Failure","% Full bag damaged","2026-07-19 00:00:00",0.0014847809948032665
"UIT1","No Split","Quality","Partial Delivery Failure","% Full bag damaged","2026-07-26 00:00:00",0.003142183817753339
"UIT1","No Split","Quality","Partial Delivery Failure","% Full bag damaged","2026-08-02 00:00:00",0.002982107355864811
"UIT1","No Split","Quality","Partial Delivery Failure","% Full bag damaged","2026-08-09 00:00:00",0.0014641288433382138
"UIT1","No Split","Quality","Partial Delivery Failure","% Full bag damaged","2026-08-16 00:00:00",0
"UIT1","No Split","Quality","Partial Delivery Failure","% Full bag damaged","2026-08-23 00:00:00",0
"UIT1","No Split","Quality","Partial Delivery Failure","% Full bag damaged","2026-08-30 00:00:00",0.004514672686230248
"UIT1","No Split","Quality","Partial Delivery Failure","% Full bag damaged","2026-09-06 00:00:00",0.0007137758743754461
"UIT1","No Split","Quality","Partial Delivery Failure","~ % Full bag damaged ambient","2026-06-28 00:00:00",0.0005458515283842794
"UIT1","No Split","Quality","Partial Delivery Failure","~ % Full bag damaged ambient","2026-07-05 00:00:00",0.0006195786864931846
"UIT1","No Split","Quality","Partial Delivery Failure","~ % Full bag damaged ambient","2026-07-12 00:00:00",0.0006697923643670462
"UIT1","No Split","Quality","Partial Delivery Failure","~ % Full bag damaged ambient","2026-07-19 00:00:00",0.0007423904974016332
"UIT1","No Split","Quality","Partial Delivery Failure","~ % Full bag damaged ambient","2026-07-26 00:00:00",0.0015710919088766694
"UIT1","No Split","Quality","Partial Delivery Failure","~ % Full bag damaged ambient","2026-08-02 00:00:00",0.0009940357852882703
"UIT1","No Split","Quality","Partial Delivery Failure","~ % Full bag damaged ambient","2026-08-09 00:00:00",0
"UIT1","No Split","Quality","Partial Delivery Failure","~ % Full bag damaged ambient","2026-08-16 00:00:00",0
"UIT1","No Split","Quality","Partial Delivery Failure","~ % Full bag damaged ambient","2026-08-23 00:00:00",0
"UIT1","No Split","Quality","Partial Delivery Failure","~ % Full bag damaged ambient","2026-08-30 00:00:00",0.0013544018058690745
"UIT1","No Split","Quality","Partial Delivery Failure","~ % Full bag damaged ambient","2026-09-06 00:00:00",0.0007137758743754461
"UIT1","No Split","Quality","Partial Delivery Failure","~ % Full bag damaged cold","2026-06-28 00:00:00",0.0016375545851528383
"UIT1","No Split","Quality","Partial Delivery Failure","~ % Full bag damaged cold","2026-07-05 00:00:00",0.0006195786864931846
"UIT1","No Split","Quality","Partial Delivery Failure","~ % Full bag damaged cold","2026-07-12 00:00:00",0
"UIT1","No Split","Quality","Partial Delivery Failure","~ % Full bag damaged cold","2026-07-19 00:00:00",0.0007423904974016332
"UIT1","No Split","Quality","Partial Delivery Failure","~ % Full bag damaged cold","2026-07-26 00:00:00",0.0015710919088766694
"UIT1","No Split","Quality","Partial Delivery Failure","~ % Full bag damaged cold","2026-08-02 00:00:00",0.0019880715705765406
"UIT1","No Split","Quality","Partial Delivery Failure","~ % Full bag damaged cold","2026-08-09 00:00:00",0.0014641288433382138
"UIT1","No Split","Quality","Partial Delivery Failure","~ % Full bag damaged cold","2026-08-16 00:00:00",0
"UIT1","No Split","Quality","Partial Delivery Failure","~ % Full bag damaged cold","2026-08-23 00:00:00",0
"UIT1","No Split","Quality","Partial Delivery Failure","~ % Full bag damaged cold","2026-08-30 00:00:00",0.003160270880361174
"UIT1","No Split","Quality","Partial Delivery Failure","~ % Full bag damaged cold","2026-09-06 00:00:00",0
"UIT1","No Split","Quality","Partial Delivery Failure","% Bag Almost Fully Damaged","2026-06-28 00:00:00",0.0005458515283842794
"UIT1","No Split","Quality","Partial Delivery Failure","% Bag Almost Fully Damaged","2026-07-05 00:00:00",0
"UIT1","No Split","Quality","Partial Delivery Failure","% Bag Almost Fully Damaged","2026-07-12 00:00:00",0
"UIT1","No Split","Quality","Partial Delivery Failure","% Bag Almost Fully Damaged","2026-07-19 00:00:00",0
"UIT1","No Split","Quality","Partial Delivery Failure","% Bag Almost Fully Damaged","2026-07-26 00:00:00",0.0007855459544383347
"UIT1","No Split","Quality","Partial Delivery Failure","% Bag Almost Fully Damaged","2026-08-02 00:00:00",0
"UIT1","No Split","Quality","Partial Delivery Failure","% Bag Almost Fully Damaged","2026-08-09 00:00:00",0.0014641288433382138
"UIT1","No Split","Quality","Partial Delivery Failure","% Bag Almost Fully Damaged","2026-08-16 00:00:00",0
"UIT1","No Split","Quality","Partial Delivery Failure","% Bag Almost Fully Damaged","2026-08-23 00:00:00",0
"UIT1","No Split","Quality","Partial Delivery Failure","% Bag Almost Fully Damaged","2026-08-30 00:00:00",0.0009029345372460496
"UIT1","No Split","Quality","Partial Delivery Failure","% Bag Almost Fully Damaged","2026-09-06 00:00:00",0
"UIT1","No Split","Quality","RME","% RME Happy","2026-06-28 00:00:00",0.5668789808917197
"UIT1","No Split","Quality","RME","% RME Happy","2026-07-05 00:00:00",0.6375838926174496
"UIT1","No Split","Quality","RME","% RME Happy","2026-07-12 00:00:00",0.6173913043478261
"UIT1","No Split","Quality","RME","% RME Happy","2026-07-19 00:00:00",0.6299212598425197
"UIT1","No Split","Quality","RME","% RME Happy","2026-07-26 00:00:00",0.6754385964912281
"UIT1","No Split","Quality","RME","% RME Happy","2026-08-02 00:00:00",0.6974789915966386
"UIT1","No Split","Quality","RME","% RME Happy","2026-08-09 00:00:00",0.711340206185567
"UIT1","No Split","Quality","RME","% RME Happy","2026-08-16 00:00:00",0.717948717948718
"UIT1","No Split","Quality","RME","% RME Happy","2026-08-23 00:00:00",0.6428571428571429
"UIT1","No Split","Quality","RME","% RME Happy","2026-08-30 00:00:00",0.5056603773584906
"UIT1","No Split","Quality","RME","% RME Happy","2026-09-06 00:00:00",0.44565217391304346
"UIT1","No Split","Quality","RME","% RME Damaged Item","2026-06-28 00:00:00",0.05732484076433121
"UIT1","No Split","Quality","RME","% RME Damaged Item","2026-07-05 00:00:00",0.040268456375838924
"UIT1","No Split","Quality","RME","% RME Damaged Item","2026-07-12 00:00:00",0.043478260869565216
"UIT1","No Split","Quality","RME","% RME Damaged Item","2026-07-19 00:00:00",0.031496062992125984
"UIT1","No Split","Quality","RME","% RME Damaged Item","2026-07-26 00:00:00",0.02631578947368421
"UIT1","No Split","Quality","RME","% RME Damaged Item","2026-08-02 00:00:00",
"UIT1","No Split","Quality","RME","% RME Damaged Item","2026-08-09 00:00:00",
"UIT1","No Split","Quality","RME","% RME Damaged Item","2026-08-16 00:00:00",0.03418803418803419
"UIT1","No Split","Quality","RME","% RME Damaged Item","2026-08-23 00:00:00",0.05844155844155844
"UIT1","No Split","Quality","RME","% RME Damaged Item","2026-08-30 00:00:00",0.09433962264150944
"UIT1","No Split","Quality","RME","% RME Damaged Item","2026-09-06 00:00:00",0.09782608695652174
"UIT1","No Split","Quality","RME","% RME Instructions not followed","2026-06-28 00:00:00",0.08917197452229299
"UIT1","No Split","Quality","RME","% RME Instructions not followed","2026-07-05 00:00:00",0.10067114093959731
"UIT1","No Split","Quality","RME","% RME Instructions not followed","2026-07-12 00:00:00",0.034782608695652174
"UIT1","No Split","Quality","RME","% RME Instructions not followed","2026-07-19 00:00:00",0.07086614173228346
"UIT1","No Split","Quality","RME","% RME Instructions not followed","2026-07-26 00:00:00",0.06140350877192982
"UIT1","No Split","Quality","RME","% RME Instructions not followed","2026-08-02 00:00:00",0.05042016806722689
"UIT1","No Split","Quality","RME","% RME Instructions not followed","2026-08-09 00:00:00",0.041237113402061855
"UIT1","No Split","Quality","RME","% RME Instructions not followed","2026-08-16 00:00:00",0.03418803418803419
"UIT1","No Split","Quality","RME","% RME Instructions not followed","2026-08-23 00:00:00",0.032467532467532464
"UIT1","No Split","Quality","RME","% RME Instructions not followed","2026-08-30 00:00:00",0.09811320754716982
"UIT1","No Split","Quality","RME","% RME Instructions not followed","2026-09-06 00:00:00",0.07608695652173914
"UIT1","No Split","Quality","RME","% RME Bags damaged","2026-06-28 00:00:00",0.044585987261146494
"UIT1","No Split","Quality","RME","% RME Bags damaged","2026-07-05 00:00:00",0.026845637583892617
"UIT1","No Split","Quality","RME","% RME Bags damaged","2026-07-12 00:00:00",0.008695652173913044
"UIT1","No Split","Quality","RME","% RME Bags damaged","2026-07-19 00:00:00",0.031496062992125984
"UIT1","No Split","Quality","RME","% RME Bags damaged","2026-07-26 00:00:00",0.008771929824561403
"UIT1","No Split","Quality","RME","% RME Bags damaged","2026-08-02 00:00:00",0.01680672268907563
"UIT1","No Split","Quality","RME","% RME Bags damaged","2026-08-09 00:00:00",0.020618556701030927
"UIT1","No Split","Quality","RME","% RME Bags damaged","2026-08-16 00:00:00",0.042735042735042736
"UIT1","No Split","Quality","RME","% RME Bags damaged","2026-08-23 00:00:00",0.012987012987012988
"UIT1","No Split","Quality","RME","% RME Bags damaged","2026-08-30 00:00:00",0.04905660377358491
"UIT1","No Split","Quality","RME","% RME Bags damaged","2026-09-06 00:00:00",0.06521739130434782
"UIT1","No Split","Quality","RME","% RME Inappropriate Driver Conduct","2026-06-28 00:00:00",0.08917197452229299
"UIT1","No Split","Quality","RME","% RME Inappropriate Driver Conduct","2026-07-05 00:00:00",0.040268456375838924
"UIT1","No Split","Quality","RME","% RME Inappropriate Driver Conduct","2026-07-12 00:00:00",0.06956521739130435
"UIT1","No Split","Quality","RME","% RME Inappropriate Driver Conduct","2026-07-19 00:00:00",0.10236220472440945
"UIT1","No Split","Quality","RME","% RME Inappropriate Driver Conduct","2026-07-26 00:00:00",0.05263157894736842
"UIT1","No Split","Quality","RME","% RME Inappropriate Driver Conduct","2026-08-02 00:00:00",0.058823529411764705
"UIT1","No Split","Quality","RME","% RME Inappropriate Driver Conduct","2026-08-09 00:00:00",0.07216494845360824
"UIT1","No Split","Quality","RME","% RME Inappropriate Driver Conduct","2026-08-16 00:00:00",0.05982905982905983
"UIT1","No Split","Quality","RME","% RME Inappropriate Driver Conduct","2026-08-23 00:00:00",0.07142857142857142
"UIT1","No Split","Quality","RME","% RME Inappropriate Driver Conduct","2026-08-30 00:00:00",0.08679245283018867
"UIT1","No Split","Quality","RME","% RME Inappropriate Driver Conduct","2026-09-06 00:00:00",0.16304347826086957
"UIT1","No Split","Operational","Operational","% Late pickup routes","2026-06-28 00:00:00",0.16576086956521738
"UIT1","No Split","Operational","Operational","% Late pickup routes","2026-07-05 00:00:00",0.2826747720364742
"UIT1","No Split","Operational","Operational","% Late pickup routes","2026-07-12 00:00:00",0.20195439739413681
"UIT1","No Split","Operational","Operational","% Late pickup routes","2026-07-19 00:00:00",0.26545454545454544
"UIT1","No Split","Operational","Operational","% Late pickup routes","2026-07-26 00:00:00",0.15073529411764705
"UIT1","No Split","Operational","Operational","% Late pickup routes","2026-08-02 00:00:00",0.23943661971830985
"UIT1","No Split","Operational","Operational","% Late pickup routes","2026-08-09 00:00:00",0.06976744186046512
"UIT1","No Split","Operational","Operational","% Late pickup routes","2026-08-16 00:00:00",0.14349775784753363
"UIT1","No Split","Operational","Operational","% Late pickup routes","2026-08-23 00:00:00",0.22408026755852842
"UIT1","No Split","Operational","Operational","% Late pickup routes","2026-08-30 00:00:00",0.3881578947368421
"UIT1","No Split","Operational","Operational","% Late pickup routes","2026-09-06 00:00:00",0.41254125412541254
"UIT1","No Split","Operational","Operational","% Late pickup routes (First window)","2026-06-28 00:00:00",0.09174311926605505
"UIT1","No Split","Operational","Operational","% Late pickup routes (First window)","2026-07-05 00:00:00",0.23232323232323232
"UIT1","No Split","Operational","Operational","% Late pickup routes (First window)","2026-07-12 00:00:00",0.12222222222222222
"UIT1","No Split","Operational","Operational","% Late pickup routes (First window)","2026-07-19 00:00:00",0.21621621621621623
"UIT1","No Split","Operational","Operational","% Late pickup routes (First window)","2026-07-26 00:00:00",0.12195121951219512
"UIT1","No Split","Operational","Operational","% Late pickup routes (First window)","2026-08-02 00:00:00",0.171875
"UIT1","No Split","Operational","Operational","% Late pickup routes (First window)","2026-08-09 00:00:00",0.09433962264150944
"UIT1","No Split","Operational","Operational","% Late pickup routes (First window)","2026-08-16 00:00:00",0.16129032258064516
"UIT1","No Split","Operational","Operational","% Late pickup routes (First window)","2026-08-23 00:00:00",0.20930232558139536
"UIT1","No Split","Operational","Operational","% Late pickup routes (First window)","2026-08-30 00:00:00",0.2814814814814815
"UIT1","No Split","Operational","Operational","% Late pickup routes (First window)","2026-09-06 00:00:00",0.2978723404255319
"UIT1","No Split","Operational","Operational","% Successful delivery orders","2026-06-28 00:00:00",0.9918122270742358
"UIT1","No Split","Operational","Operational","% Successful delivery orders","2026-07-05 00:00:00",0.9913258983890955
"UIT1","No Split","Operational","Operational","% Successful delivery orders","2026-07-12 00:00:00",0.9966510381781648
"UIT1","No Split","Operational","Operational","% Successful delivery orders","2026-07-19 00:00:00",0.994060876020787
"UIT1","No Split","Operational","Operational","% Successful delivery orders","2026-07-26 00:00:00",0.99528672427337
"UIT1","No Split","Operational","Operational","% Successful delivery orders","2026-08-02 00:00:00",0.9900596421471173
"UIT1","No Split","Operational","Operational","% Successful delivery orders","2026-08-09 00:00:00",0.9970717423133236
"UIT1","No Split","Operational","Operational","% Successful delivery orders","2026-08-16 00:00:00",0.9967707212055974
"UIT1","No Split","Operational","Operational","% Successful delivery orders","2026-08-23 00:00:00",0.9904411764705883
"UIT1","No Split","Operational","Operational","% Successful delivery orders","2026-08-30 00:00:00",0.9896162528216704
"UIT1","No Split","Operational","Operational","% Successful delivery orders","2026-09-06 00:00:00",0.987152034261242
"UIT1","No Split","Operational","Operational","% Route Order Compliant","2026-06-28 00:00:00",0.37228260869565216
"UIT1","No Split","Operational","Operational","% Route Order Compliant","2026-07-05 00:00:00",0.3282674772036474
"UIT1","No Split","Operational","Operational","% Route Order Compliant","2026-07-12 00:00:00",0.28013029315960913
"UIT1","No Split","Operational","Operational","% Route Order Compliant","2026-07-19 00:00:00",0.3527272727272727
"UIT1","No Split","Operational","Operational","% Route Order Compliant","2026-07-26 00:00:00",0.27205882352941174
"UIT1","No Split","Operational","Operational","% Route Order Compliant","2026-08-02 00:00:00",0.3004694835680751
"UIT1","No Split","Operational","Operational","% Route Order Compliant","2026-08-09 00:00:00",0.27325581395348836
"UIT1","No Split","Operational","Operational","% Route Order Compliant","2026-08-16 00:00:00",0.2600896860986547
"UIT1","No Split","Operational","Operational","% Route Order Compliant","2026-08-23 00:00:00",0.22408026755852842
"UIT1","No Split","Operational","Operational","% Route Order Compliant","2026-08-30 00:00:00",0.3223684210526316
"UIT1","No Split","Operational","Operational","% Route Order Compliant","2026-09-06 00:00:00",0.3564356435643564
"UIT1","No Split","Operational","Operational","% Route Order + Sequence Compliant","2026-06-28 00:00:00",0.18478260869565216
"UIT1","No Split","Operational","Operational","% Route Order + Sequence Compliant","2026-07-05 00:00:00",0.1945288753799392
"UIT1","No Split","Operational","Operational","% Route Order + Sequence Compliant","2026-07-12 00:00:00",0.15960912052117263
"UIT1","No Split","Operational","Operational","% Route Order + Sequence Compliant","2026-07-19 00:00:00",0.17454545454545456
"UIT1","No Split","Operational","Operational","% Route Order + Sequence Compliant","2026-07-26 00:00:00",0.16544117647058823
"UIT1","No Split","Operational","Operational","% Route Order + Sequence Compliant","2026-08-02 00:00:00",0.16901408450704225
"UIT1","No Split","Operational","Operational","% Route Order + Sequence Compliant","2026-08-09 00:00:00",0.1744186046511628
"UIT1","No Split","Operational","Operational","% Route Order + Sequence Compliant","2026-08-16 00:00:00",0.14349775784753363
"UIT1","No Split","Operational","Operational","% Route Order + Sequence Compliant","2026-08-23 00:00:00",0.11371237458193979
"UIT1","No Split","Operational","Operational","% Route Order + Sequence Compliant","2026-08-30 00:00:00",0.1162280701754386
"UIT1","No Split","Operational","Operational","% Route Order + Sequence Compliant","2026-09-06 00:00:00",0.07590759075907591
"UIT1","No Split","Operational","Operational","% Route Fulfillment Compliance","2026-06-28 00:00:00",1
"UIT1","No Split","Operational","Operational","% Route Fulfillment Compliance","2026-07-05 00:00:00",1
"UIT1","No Split","Operational","Operational","% Route Fulfillment Compliance","2026-07-12 00:00:00",0.9464285714285714
"UIT1","No Split","Operational","Operational","% Route Fulfillment Compliance","2026-07-19 00:00:00",0.9285714285714286
"UIT1","No Split","Operational","Operational","% Route Fulfillment Compliance","2026-07-26 00:00:00",0.9642857142857143
"UIT1","No Split","Operational","Operational","% Route Fulfillment Compliance","2026-08-02 00:00:00",0.9642857142857143
"UIT1","No Split","Operational","Operational","% Route Fulfillment Compliance","2026-08-09 00:00:00",0.9166666666666666
"UIT1","No Split","Operational","Operational","% Route Fulfillment Compliance","2026-08-16 00:00:00",0.7924528301886793
"UIT1","No Split","Operational","Operational","% Route Fulfillment Compliance","2026-08-23 00:00:00",0.9454545454545454
"UIT1","No Split","Operational","Operational","% Route Fulfillment Compliance","2026-08-30 00:00:00",0.9285714285714286
"UIT1","No Split","Operational","Operational","% Route Fulfillment Compliance","2026-09-06 00:00:00",0.90625
"UIT4","No Split","Quality","Timeliness","% Late","2026-06-28 00:00:00",0.06071871127633209
"UIT4","No Split","Quality","Timeliness","% Late","2026-07-05 00:00:00",0.046282011724776306
"UIT4","No Split","Quality","Timeliness","% Late","2026-07-12 00:00:00",0.037330690452593324
"UIT4","No Split","Quality","Timeliness","% Late","2026-07-19 00:00:00",0.020524899057873486
"UIT4","No Split","Quality","Timeliness","% Late","2026-07-26 00:00:00",0.027372911482403128
"UIT4","No Split","Quality","Timeliness","% Late","2026-08-02 00:00:00",0.03211216644052465
"UIT4","No Split","Quality","Timeliness","% Late","2026-08-09 00:00:00",0.01293103448275862
"UIT4","No Split","Quality","Timeliness","% Late","2026-08-16 00:00:00",0.011297071129707114
"UIT4","No Split","Quality","Timeliness","% Late","2026-08-23 00:00:00",0.018556005398110663
"UIT4","No Split","Quality","Timeliness","% Late","2026-08-30 00:00:00",0.06204102304380856
"UIT4","No Split","Quality","Timeliness","% Late","2026-09-06 00:00:00",0.09485530546623794
"UIT4","No Split","Quality","Timeliness","~ % Late > 15","2026-06-28 00:00:00",0.027261462205700124
"UIT4","No Split","Quality","Timeliness","~ % Late > 15","2026-07-05 00:00:00",0.017278617710583154
"UIT4","No Split","Quality","Timeliness","~ % Late > 15","2026-07-12 00:00:00",0.013875123885034688
"UIT4","No Split","Quality","Timeliness","~ % Late > 15","2026-07-19 00:00:00",0.0037012113055181696
"UIT4","No Split","Quality","Timeliness","~ % Late > 15","2026-07-26 00:00:00",0.009242801279772485
"UIT4","No Split","Quality","Timeliness","~ % Late > 15","2026-08-02 00:00:00",0.013116236996834011
"UIT4","No Split","Quality","Timeliness","~ % Late > 15","2026-08-09 00:00:00",0.0021551724137931034
"UIT4","No Split","Quality","Timeliness","~ % Late > 15","2026-08-16 00:00:00",0.002510460251046025
"UIT4","No Split","Quality","Timeliness","~ % Late > 15","2026-08-23 00:00:00",0.004048582995951417
"UIT4","No Split","Quality","Timeliness","~ % Late > 15","2026-08-30 00:00:00",0.02380349455558369
"UIT4","No Split","Quality","Timeliness","~ % Late > 15","2026-09-06 00:00:00",0.04863344051446945
"UIT4","No Split","Quality","Full Delivery Failure","% FTFDF","2026-06-28 00:00:00",0.025712515489467163
"UIT4","No Split","Quality","Full Delivery Failure","% FTFDF","2026-07-05 00:00:00",0.023449552607219995
"UIT4","No Split","Quality","Full Delivery Failure","% FTFDF","2026-07-12 00:00:00",0.022794846382556987
"UIT4","No Split","Quality","Full Delivery Failure","% FTFDF","2026-07-19 00:00:00",0.023553162853297442
"UIT4","No Split","Quality","Full Delivery Failure","% FTFDF","2026-07-26 00:00:00",0.023817987913259866
"UIT4","No Split","Quality","Full Delivery Failure","% FTFDF","2026-08-02 00:00:00",0.026232473993668022
"UIT4","No Split","Quality","Full Delivery Failure","% FTFDF","2026-08-09 00:00:00",0.021551724137931036
"UIT4","No Split","Quality","Full Delivery Failure","% FTFDF","2026-08-16 00:00:00",0.02384937238493724
"UIT4","No Split","Quality","Full Delivery Failure","% FTFDF","2026-08-23 00:00:00",0.018218623481781375
"UIT4","No Split","Quality","Full Delivery Failure","% FTFDF","2026-08-30 00:00:00",0.02177766523170423
"UIT4","No Split","Quality","Full Delivery Failure","% FTFDF","2026-09-06 00:00:00",0.0317524115755627
"UIT4","No Split","Quality","Full Delivery Failure","% FOND","2026-06-28 00:00:00",0.019516728624535316
"UIT4","No Split","Quality","Full Delivery Failure","% FOND","2026-07-05 00:00:00",0.017895711200246838
"UIT4","No Split","Quality","Full Delivery Failure","% FOND","2026-07-12 00:00:00",0.01850016518004625
"UIT4","No Split","Quality","Full Delivery Failure","% FOND","2026-07-19 00:00:00",0.020188425302826378
"UIT4","No Split","Quality","Full Delivery Failure","% FOND","2026-07-26 00:00:00",0.019196587273373623
"UIT4","No Split","Quality","Full Delivery Failure","% FOND","2026-08-02 00:00:00",0.02125734961555857
"UIT4","No Split","Quality","Full Delivery Failure","% FOND","2026-08-09 00:00:00",0.015625
"UIT4","No Split","Quality","Full Delivery Failure","% FOND","2026-08-16 00:00:00",0.016317991631799162
"UIT4","No Split","Quality","Full Delivery Failure","% FOND","2026-08-23 00:00:00",0.013157894736842105
"UIT4","No Split","Quality","Full Delivery Failure","% FOND","2026-08-30 00:00:00",0.016206634591035704
"UIT4","No Split","Quality","Full Delivery Failure","% FOND","2026-09-06 00:00:00",0.028536977491961414
"UIT4","No Split","Quality","Full Delivery Failure","~ % FOND Ops controllable","2026-06-28 00:00:00",0.007125154894671623
"UIT4","No Split","Quality","Full Delivery Failure","~ % FOND Ops controllable","2026-07-05 00:00:00",0.008330762110459735
"UIT4","No Split","Quality","Full Delivery Failure","~ % FOND Ops controllable","2026-07-12 00:00:00",0.006276841757515692
"UIT4","No Split","Quality","Full Delivery Failure","~ % FOND Ops controllable","2026-07-19 00:00:00",0.008748317631224764
"UIT4","No Split","Quality","Full Delivery Failure","~ % FOND Ops controllable","2026-07-26 00:00:00",0.007109847138286527
"UIT4","No Split","Quality","Full Delivery Failure","~ % FOND Ops controllable","2026-08-02 00:00:00",0.005427408412483039
"UIT4","No Split","Quality","Full Delivery Failure","~ % FOND Ops controllable","2026-08-09 00:00:00",0.0026939655172413795
"UIT4","No Split","Quality","Full Delivery Failure","~ % FOND Ops controllable","2026-08-16 00:00:00",0.0041841004184100415
"UIT4","No Split","Quality","Full Delivery Failure","~ % FOND Ops controllable","2026-08-23 00:00:00",0.004048582995951417
"UIT4","No Split","Quality","Full Delivery Failure","~ % FOND Ops controllable","2026-08-30 00:00:00",0.006583945302608255
"UIT4","No Split","Quality","Full Delivery Failure","~ % FOND Ops controllable","2026-09-06 00:00:00",0.012057877813504822
"UIT4","No Split","Quality","Full Delivery Failure","~ % FOND Picked up, address not found","2026-06-28 00:00:00",0
"UIT4","No Split","Quality","Full Delivery Failure","~ % FOND Picked up, address not found","2026-07-05 00:00:00",0
"UIT4","No Split","Quality","Full Delivery Failure","~ % FOND Picked up, address not found","2026-07-12 00:00:00",0.0006607201850016518
"UIT4","No Split","Quality","Full Delivery Failure","~ % FOND Picked up, address not found","2026-07-19 00:00:00",0.00033647375504710633
"UIT4","No Split","Quality","Full Delivery Failure","~ % FOND Picked up, address not found","2026-07-26 00:00:00",0
"UIT4","No Split","Quality","Full Delivery Failure","~ % FOND Picked up, address not found","2026-08-02 00:00:00",0
"UIT4","No Split","Quality","Full Delivery Failure","~ % FOND Picked up, address not found","2026-08-09 00:00:00",0.0005387931034482759
"UIT4","No Split","Quality","Full Delivery Failure","~ % FOND Picked up, address not found","2026-08-16 00:00:00",0
"UIT4","No Split","Quality","Full Delivery Failure","~ % FOND Picked up, address not found","2026-08-23 00:00:00",0
"UIT4","No Split","Quality","Full Delivery Failure","~ % FOND Picked up, address not found","2026-08-30 00:00:00",0
"UIT4","No Split","Quality","Full Delivery Failure","~ % FOND Picked up, address not found","2026-09-06 00:00:00",0.00040192926045016077
"UIT4","No Split","Quality","Full Delivery Failure","~ % FOND Picked up, age verification failed","2026-06-28 00:00:00",0
"UIT4","No Split","Quality","Full Delivery Failure","~ % FOND Picked up, age verification failed","2026-07-05 00:00:00",0
"UIT4","No Split","Quality","Full Delivery Failure","~ % FOND Picked up, age verification failed","2026-07-12 00:00:00",0
"UIT4","No Split","Quality","Full Delivery Failure","~ % FOND Picked up, age verification failed","2026-07-19 00:00:00",0
"UIT4","No Split","Quality","Full Delivery Failure","~ % FOND Picked up, age verification failed","2026-07-26 00:00:00",0
"UIT4","No Split","Quality","Full Delivery Failure","~ % FOND Picked up, age verification failed","2026-08-02 00:00:00",0
"UIT4","No Split","Quality","Full Delivery Failure","~ % FOND Picked up, age verification failed","2026-08-09 00:00:00",0
"UIT4","No Split","Quality","Full Delivery Failure","~ % FOND Picked up, age verification failed","2026-08-16 00:00:00",0
"UIT4","No Split","Quality","Full Delivery Failure","~ % FOND Picked up, age verification failed","2026-08-23 00:00:00",0
"UIT4","No Split","Quality","Full Delivery Failure","~ % FOND Picked up, age verification failed","2026-08-30 00:00:00",0
"UIT4","No Split","Quality","Full Delivery Failure","~ % FOND Picked up, age verification failed","2026-09-06 00:00:00",0
"UIT4","No Split","Quality","Full Delivery Failure","~ % FOND Picked up, customer unavailable","2026-06-28 00:00:00",0.0024783147459727386
"UIT4","No Split","Quality","Full Delivery Failure","~ % FOND Picked up, customer unavailable","2026-07-05 00:00:00",0.0018512804689910522
"UIT4","No Split","Quality","Full Delivery Failure","~ % FOND Picked up, customer unavailable","2026-07-12 00:00:00",0.0016518004625041295
"UIT4","No Split","Quality","Full Delivery Failure","~ % FOND Picked up, customer unavailable","2026-07-19 00:00:00",0.003028263795423957
"UIT4","No Split","Quality","Full Delivery Failure","~ % FOND Picked up, customer unavailable","2026-07-26 00:00:00",0.002488446498400284
"UIT4","No Split","Quality","Full Delivery Failure","~ % FOND Picked up, customer unavailable","2026-08-02 00:00:00",0.0018091361374943465
"UIT4","No Split","Quality","Full Delivery Failure","~ % FOND Picked up, customer unavailable","2026-08-09 00:00:00",0.0005387931034482759
"UIT4","No Split","Quality","Full Delivery Failure","~ % FOND Picked up, customer unavailable","2026-08-16 00:00:00",0.0037656903765690376
"UIT4","No Split","Quality","Full Delivery Failure","~ % FOND Picked up, customer unavailable","2026-08-23 00:00:00",0.0010121457489878543
"UIT4","No Split","Quality","Full Delivery Failure","~ % FOND Picked up, customer unavailable","2026-08-30 00:00:00",0.0015193719929095975
"UIT4","No Split","Quality","Full Delivery Failure","~ % FOND Picked up, customer unavailable","2026-09-06 00:00:00",0.002411575562700965
"UIT4","No Split","Quality","Full Delivery Failure","~ % FOND Picked up, inaccesible delivery location","2026-06-28 00:00:00",0.0034076827757125155
"UIT4","No Split","Quality","Full Delivery Failure","~ % FOND Picked up, inaccesible delivery location","2026-07-05 00:00:00",0.004936747917309472
"UIT4","No Split","Quality","Full Delivery Failure","~ % FOND Picked up, inaccesible delivery location","2026-07-12 00:00:00",0.002642880740006607
"UIT4","No Split","Quality","Full Delivery Failure","~ % FOND Picked up, inaccesible delivery location","2026-07-19 00:00:00",0.0033647375504710633
"UIT4","No Split","Quality","Full Delivery Failure","~ % FOND Picked up, inaccesible delivery location","2026-07-26 00:00:00",0.0017774617845716318
"UIT4","No Split","Quality","Full Delivery Failure","~ % FOND Picked up, inaccesible delivery location","2026-08-02 00:00:00",0.0027137042062415195
"UIT4","No Split","Quality","Full Delivery Failure","~ % FOND Picked up, inaccesible delivery location","2026-08-09 00:00:00",0.0016163793103448276
"UIT4","No Split","Quality","Full Delivery Failure","~ % FOND Picked up, inaccesible delivery location","2026-08-16 00:00:00",0
"UIT4","No Split","Quality","Full Delivery Failure","~ % FOND Picked up, inaccesible delivery location","2026-08-23 00:00:00",0.0023616734143049934
"UIT4","No Split","Quality","Full Delivery Failure","~ % FOND Picked up, inaccesible delivery location","2026-08-30 00:00:00",0.004051658647758926
"UIT4","No Split","Quality","Full Delivery Failure","~ % FOND Picked up, inaccesible delivery location","2026-09-06 00:00:00",0.008038585209003215
"UIT4","No Split","Quality","Full Delivery Failure","~ % FOND Picked up, item damaged","2026-06-28 00:00:00",0.0003097893432465923
"UIT4","No Split","Quality","Full Delivery Failure","~ % FOND Picked up, item damaged","2026-07-05 00:00:00",0
"UIT4","No Split","Quality","Full Delivery Failure","~ % FOND Picked up, item damaged","2026-07-12 00:00:00",0
"UIT4","No Split","Quality","Full Delivery Failure","~ % FOND Picked up, item damaged","2026-07-19 00:00:00",0
"UIT4","No Split","Quality","Full Delivery Failure","~ % FOND Picked up, item damaged","2026-07-26 00:00:00",0
"UIT4","No Split","Quality","Full Delivery Failure","~ % FOND Picked up, item damaged","2026-08-02 00:00:00",0
"UIT4","No Split","Quality","Full Delivery Failure","~ % FOND Picked up, item damaged","2026-08-09 00:00:00",0
"UIT4","No Split","Quality","Full Delivery Failure","~ % FOND Picked up, item damaged","2026-08-16 00:00:00",0
"UIT4","No Split","Quality","Full Delivery Failure","~ % FOND Picked up, item damaged","2026-08-23 00:00:00",0
"UIT4","No Split","Quality","Full Delivery Failure","~ % FOND Picked up, item damaged","2026-08-30 00:00:00",0
"UIT4","No Split","Quality","Full Delivery Failure","~ % FOND Picked up, item damaged","2026-09-06 00:00:00",0
"UIT4","No Split","Quality","Full Delivery Failure","~ % FOND Picked up, item incorrect","2026-06-28 00:00:00",0
"UIT4","No Split","Quality","Full Delivery Failure","~ % FOND Picked up, item incorrect","2026-07-05 00:00:00",0
"UIT4","No Split","Quality","Full Delivery Failure","~ % FOND Picked up, item incorrect","2026-07-12 00:00:00",0
"UIT4","No Split","Quality","Full Delivery Failure","~ % FOND Picked up, item incorrect","2026-07-19 00:00:00",0
"UIT4","No Split","Quality","Full Delivery Failure","~ % FOND Picked up, item incorrect","2026-07-26 00:00:00",0
"UIT4","No Split","Quality","Full Delivery Failure","~ % FOND Picked up, item incorrect","2026-08-02 00:00:00",0
"UIT4","No Split","Quality","Full Delivery Failure","~ % FOND Picked up, item incorrect","2026-08-09 00:00:00",0
"UIT4","No Split","Quality","Full Delivery Failure","~ % FOND Picked up, item incorrect","2026-08-16 00:00:00",0
"UIT4","No Split","Quality","Full Delivery Failure","~ % FOND Picked up, item incorrect","2026-08-23 00:00:00",0
"UIT4","No Split","Quality","Full Delivery Failure","~ % FOND Picked up, item incorrect","2026-08-30 00:00:00",0
"UIT4","No Split","Quality","Full Delivery Failure","~ % FOND Picked up, item incorrect","2026-09-06 00:00:00",0
"UIT4","No Split","Quality","Full Delivery Failure","~ % FOND Picked up, missing or incorrect access code","2026-06-28 00:00:00",0
"UIT4","No Split","Quality","Full Delivery Failure","~ % FOND Picked up, missing or incorrect access code","2026-07-05 00:00:00",0
"UIT4","No Split","Quality","Full Delivery Failure","~ % FOND Picked up, missing or incorrect access code","2026-07-12 00:00:00",0
"UIT4","No Split","Quality","Full Delivery Failure","~ % FOND Picked up, missing or incorrect access code","2026-07-19 00:00:00",0
"UIT4","No Split","Quality","Full Delivery Failure","~ % FOND Picked up, missing or incorrect access code","2026-07-26 00:00:00",0
"UIT4","No Split","Quality","Full Delivery Failure","~ % FOND Picked up, missing or incorrect access code","2026-08-02 00:00:00",0
"UIT4","No Split","Quality","Full Delivery Failure","~ % FOND Picked up, missing or incorrect access code","2026-08-09 00:00:00",0
"UIT4","No Split","Quality","Full Delivery Failure","~ % FOND Picked up, missing or incorrect access code","2026-08-16 00:00:00",0
"UIT4","No Split","Quality","Full Delivery Failure","~ % FOND Picked up, missing or incorrect access code","2026-08-23 00:00:00",0
"UIT4","No Split","Quality","Full Delivery Failure","~ % FOND Picked up, missing or incorrect access code","2026-08-30 00:00:00",0
"UIT4","No Split","Quality","Full Delivery Failure","~ % FOND Picked up, missing or incorrect access code","2026-09-06 00:00:00",0
"UIT4","No Split","Quality","Full Delivery Failure","~ % FOND Picked up, no items delivered","2026-06-28 00:00:00",0
"UIT4","No Split","Quality","Full Delivery Failure","~ % FOND Picked up, no items delivered","2026-07-05 00:00:00",0
"UIT4","No Split","Quality","Full Delivery Failure","~ % FOND Picked up, no items delivered","2026-07-12 00:00:00",0
"UIT4","No Split","Quality","Full Delivery Failure","~ % FOND Picked up, no items delivered","2026-07-19 00:00:00",0
"UIT4","No Split","Quality","Full Delivery Failure","~ % FOND Picked up, no items delivered","2026-07-26 00:00:00",0
"UIT4","No Split","Quality","Full Delivery Failure","~ % FOND Picked up, no items delivered","2026-08-02 00:00:00",0
"UIT4","No Split","Quality","Full Delivery Failure","~ % FOND Picked up, no items delivered","2026-08-09 00:00:00",0
"UIT4","No Split","Quality","Full Delivery Failure","~ % FOND Picked up, no items delivered","2026-08-16 00:00:00",0
"UIT4","No Split","Quality","Full Delivery Failure","~ % FOND Picked up, no items delivered","2026-08-23 00:00:00",0
"UIT4","No Split","Quality","Full Delivery Failure","~ % FOND Picked up, no items delivered","2026-08-30 00:00:00",0.0002532286654849329
"UIT4","No Split","Quality","Full Delivery Failure","~ % FOND Picked up, no items delivered","2026-09-06 00:00:00",0
"UIT4","No Split","Quality","Full Delivery Failure","~ % FOND Picked up, no secure location","2026-06-28 00:00:00",0.0006195786864931846
"UIT4","No Split","Quality","Full Delivery Failure","~ % FOND Picked up, no secure location","2026-07-05 00:00:00",0.000308546744831842
"UIT4","No Split","Quality","Full Delivery Failure","~ % FOND Picked up, no secure location","2026-07-12 00:00:00",0.0009910802775024777
"UIT4","No Split","Quality","Full Delivery Failure","~ % FOND Picked up, no secure location","2026-07-19 00:00:00",0.0016823687752355316
"UIT4","No Split","Quality","Full Delivery Failure","~ % FOND Picked up, no secure location","2026-07-26 00:00:00",0.0017774617845716318
"UIT4","No Split","Quality","Full Delivery Failure","~ % FOND Picked up, no secure location","2026-08-02 00:00:00",0.0009045680687471732
"UIT4","No Split","Quality","Full Delivery Failure","~ % FOND Picked up, no secure location","2026-08-09 00:00:00",0
"UIT4","No Split","Quality","Full Delivery Failure","~ % FOND Picked up, no secure location","2026-08-16 00:00:00",0
"UIT4","No Split","Quality","Full Delivery Failure","~ % FOND Picked up, no secure location","2026-08-23 00:00:00",0.0006747638326585695
"UIT4","No Split","Quality","Full Delivery Failure","~ % FOND Picked up, no secure location","2026-08-30 00:00:00",0.0002532286654849329
"UIT4","No Split","Quality","Full Delivery Failure","~ % FOND Picked up, no secure location","2026-09-06 00:00:00",0.0008038585209003215
"UIT4","No Split","Quality","Full Delivery Failure","~ % FOND Picked up, object missing","2026-06-28 00:00:00",0
"UIT4","No Split","Quality","Full Delivery Failure","~ % FOND Picked up, object missing","2026-07-05 00:00:00",0
"UIT4","No Split","Quality","Full Delivery Failure","~ % FOND Picked up, object missing","2026-07-12 00:00:00",0
"UIT4","No Split","Quality","Full Delivery Failure","~ % FOND Picked up, object missing","2026-07-19 00:00:00",0
"UIT4","No Split","Quality","Full Delivery Failure","~ % FOND Picked up, object missing","2026-07-26 00:00:00",0.0007109847138286527
"UIT4","No Split","Quality","Full Delivery Failure","~ % FOND Picked up, object missing","2026-08-02 00:00:00",0
"UIT4","No Split","Quality","Full Delivery Failure","~ % FOND Picked up, object missing","2026-08-09 00:00:00",0
"UIT4","No Split","Quality","Full Delivery Failure","~ % FOND Picked up, object missing","2026-08-16 00:00:00",0
"UIT4","No Split","Quality","Full Delivery Failure","~ % FOND Picked up, object missing","2026-08-23 00:00:00",0
"UIT4","No Split","Quality","Full Delivery Failure","~ % FOND Picked up, object missing","2026-08-30 00:00:00",0
"UIT4","No Split","Quality","Full Delivery Failure","~ % FOND Picked up, object missing","2026-09-06 00:00:00",0
"UIT4","No Split","Quality","Full Delivery Failure","~ % FOND Picked up, rejected","2026-06-28 00:00:00",0.0003097893432465923
"UIT4","No Split","Quality","Full Delivery Failure","~ % FOND Picked up, rejected","2026-07-05 00:00:00",0.001234186979327368
"UIT4","No Split","Quality","Full Delivery Failure","~ % FOND Picked up, rejected","2026-07-12 00:00:00",0.0003303600925008259
"UIT4","No Split","Quality","Full Delivery Failure","~ % FOND Picked up, rejected","2026-07-19 00:00:00",0.00033647375504710633
"UIT4","No Split","Quality","Full Delivery Failure","~ % FOND Picked up, rejected","2026-07-26 00:00:00",0.00035549235691432633
"UIT4","No Split","Quality","Full Delivery Failure","~ % FOND Picked up, rejected","2026-08-02 00:00:00",0
"UIT4","No Split","Quality","Full Delivery Failure","~ % FOND Picked up, rejected","2026-08-09 00:00:00",0
"UIT4","No Split","Quality","Full Delivery Failure","~ % FOND Picked up, rejected","2026-08-16 00:00:00",0
"UIT4","No Split","Quality","Full Delivery Failure","~ % FOND Picked up, rejected","2026-08-23 00:00:00",0
"UIT4","No Split","Quality","Full Delivery Failure","~ % FOND Picked up, rejected","2026-08-30 00:00:00",0
"UIT4","No Split","Quality","Full Delivery Failure","~ % FOND Picked up, rejected","2026-09-06 00:00:00",0.00040192926045016077
"UIT4","No Split","Quality","Full Delivery Failure","~ % FOND Picked up, other","2026-06-28 00:00:00",0
"UIT4","No Split","Quality","Full Delivery Failure","~ % FOND Picked up, other","2026-07-05 00:00:00",0
"UIT4","No Split","Quality","Full Delivery Failure","~ % FOND Picked up, other","2026-07-12 00:00:00",0
"UIT4","No Split","Quality","Full Delivery Failure","~ % FOND Picked up, other","2026-07-19 00:00:00",0
"UIT4","No Split","Quality","Full Delivery Failure","~ % FOND Picked up, other","2026-07-26 00:00:00",0
"UIT4","No Split","Quality","Full Delivery Failure","~ % FOND Picked up, other","2026-08-02 00:00:00",0
"UIT4","No Split","Quality","Full Delivery Failure","~ % FOND Picked up, other","2026-08-09 00:00:00",0
"UIT4","No Split","Quality","Full Delivery Failure","~ % FOND Picked up, other","2026-08-16 00:00:00",0
"UIT4","No Split","Quality","Full Delivery Failure","~ % FOND Picked up, other","2026-08-23 00:00:00",0
"UIT4","No Split","Quality","Full Delivery Failure","~ % FOND Picked up, other","2026-08-30 00:00:00",0
"UIT4","No Split","Quality","Full Delivery Failure","~ % FOND Picked up, other","2026-09-06 00:00:00",0
"UIT4","No Split","Quality","Full Delivery Failure","% FTDC","2026-06-28 00:00:00",0.0021685254027261464
"UIT4","No Split","Quality","Full Delivery Failure","% FTDC","2026-07-05 00:00:00",0.000617093489663684
"UIT4","No Split","Quality","Full Delivery Failure","% FTDC","2026-07-12 00:00:00",0.002973240832507433
"UIT4","No Split","Quality","Full Delivery Failure","% FTDC","2026-07-19 00:00:00",0.0006729475100942127
"UIT4","No Split","Quality","Full Delivery Failure","% FTDC","2026-07-26 00:00:00",0.00035549235691432633
"UIT4","No Split","Quality","Full Delivery Failure","% FTDC","2026-08-02 00:00:00",0
"UIT4","No Split","Quality","Full Delivery Failure","% FTDC","2026-08-09 00:00:00",0.0010775862068965517
"UIT4","No Split","Quality","Full Delivery Failure","% FTDC","2026-08-16 00:00:00",0.00041841004184100416
"UIT4","No Split","Quality","Full Delivery Failure","% FTDC","2026-08-23 00:00:00",0
"UIT4","No Split","Quality","Full Delivery Failure","% FTDC","2026-08-30 00:00:00",0.006330716637123322
"UIT4","No Split","Quality","Full Delivery Failure","% FTDC","2026-09-06 00:00:00",0.0044212218649517685
"UIT4","No Split","Quality","Full Delivery Failure","% PSC","2026-06-28 00:00:00",0.0015489467162329617
"UIT4","No Split","Quality","Full Delivery Failure","% PSC","2026-07-05 00:00:00",0.000617093489663684
"UIT4","No Split","Quality","Full Delivery Failure","% PSC","2026-07-12 00:00:00",0.002642880740006607
"UIT4","No Split","Quality","Full Delivery Failure","% PSC","2026-07-19 00:00:00",0.0006729475100942127
"UIT4","No Split","Quality","Full Delivery Failure","% PSC","2026-07-26 00:00:00",0.00035549235691432633
"UIT4","No Split","Quality","Full Delivery Failure","% PSC","2026-08-02 00:00:00",0
"UIT4","No Split","Quality","Full Delivery Failure","% PSC","2026-08-09 00:00:00",0.0010775862068965517
"UIT4","No Split","Quality","Full Delivery Failure","% PSC","2026-08-16 00:00:00",0.00041841004184100416
"UIT4","No Split","Quality","Full Delivery Failure","% PSC","2026-08-23 00:00:00",0
"UIT4","No Split","Quality","Full Delivery Failure","% PSC","2026-08-30 00:00:00",0.004811344644213725
"UIT4","No Split","Quality","Full Delivery Failure","% PSC","2026-09-06 00:00:00",0.003617363344051447
"UIT4","No Split","Quality","Full Delivery Failure","~ % PSC Not assigned","2026-06-28 00:00:00",0
"UIT4","No Split","Quality","Full Delivery Failure","~ % PSC Not assigned","2026-07-05 00:00:00",0
"UIT4","No Split","Quality","Full Delivery Failure","~ % PSC Not assigned","2026-07-12 00:00:00",0.0003303600925008259
"UIT4","No Split","Quality","Full Delivery Failure","~ % PSC Not assigned","2026-07-19 00:00:00",0
"UIT4","No Split","Quality","Full Delivery Failure","~ % PSC Not assigned","2026-07-26 00:00:00",0
"UIT4","No Split","Quality","Full Delivery Failure","~ % PSC Not assigned","2026-08-02 00:00:00",0
"UIT4","No Split","Quality","Full Delivery Failure","~ % PSC Not assigned","2026-08-09 00:00:00",0
"UIT4","No Split","Quality","Full Delivery Failure","~ % PSC Not assigned","2026-08-16 00:00:00",0
"UIT4","No Split","Quality","Full Delivery Failure","~ % PSC Not assigned","2026-08-23 00:00:00",0
"UIT4","No Split","Quality","Full Delivery Failure","~ % PSC Not assigned","2026-08-30 00:00:00",0
"UIT4","No Split","Quality","Full Delivery Failure","~ % PSC Not assigned","2026-09-06 00:00:00",0
"UIT4","No Split","Quality","Full Delivery Failure","~ % PSC Assigned, not picked up","2026-06-28 00:00:00",0.0009293680297397769
"UIT4","No Split","Quality","Full Delivery Failure","~ % PSC Assigned, not picked up","2026-07-05 00:00:00",0
"UIT4","No Split","Quality","Full Delivery Failure","~ % PSC Assigned, not picked up","2026-07-12 00:00:00",0
"UIT4","No Split","Quality","Full Delivery Failure","~ % PSC Assigned, not picked up","2026-07-19 00:00:00",0
"UIT4","No Split","Quality","Full Delivery Failure","~ % PSC Assigned, not picked up","2026-07-26 00:00:00",0
"UIT4","No Split","Quality","Full Delivery Failure","~ % PSC Assigned, not picked up","2026-08-02 00:00:00",0
"UIT4","No Split","Quality","Full Delivery Failure","~ % PSC Assigned, not picked up","2026-08-09 00:00:00",0
"UIT4","No Split","Quality","Full Delivery Failure","~ % PSC Assigned, not picked up","2026-08-16 00:00:00",0
"UIT4","No Split","Quality","Full Delivery Failure","~ % PSC Assigned, not picked up","2026-08-23 00:00:00",0
"UIT4","No Split","Quality","Full Delivery Failure","~ % PSC Assigned, not picked up","2026-08-30 00:00:00",0
"UIT4","No Split","Quality","Full Delivery Failure","~ % PSC Assigned, not picked up","2026-09-06 00:00:00",0.0020096463022508037
"UIT4","No Split","Quality","Full Delivery Failure","~ % PSC Picked up, not delivered","2026-06-28 00:00:00",0.0006195786864931846
"UIT4","No Split","Quality","Full Delivery Failure","~ % PSC Picked up, not delivered","2026-07-05 00:00:00",0.000617093489663684
"UIT4","No Split","Quality","Full Delivery Failure","~ % PSC Picked up, not delivered","2026-07-12 00:00:00",0.0023125206475057814
"UIT4","No Split","Quality","Full Delivery Failure","~ % PSC Picked up, not delivered","2026-07-19 00:00:00",0.0006729475100942127
"UIT4","No Split","Quality","Full Delivery Failure","~ % PSC Picked up, not delivered","2026-07-26 00:00:00",0.00035549235691432633
"UIT4","No Split","Quality","Full Delivery Failure","~ % PSC Picked up, not delivered","2026-08-02 00:00:00",0
"UIT4","No Split","Quality","Full Delivery Failure","~ % PSC Picked up, not delivered","2026-08-09 00:00:00",0.0010775862068965517
"UIT4","No Split","Quality","Full Delivery Failure","~ % PSC Picked up, not delivered","2026-08-16 00:00:00",0.00041841004184100416
"UIT4","No Split","Quality","Full Delivery Failure","~ % PSC Picked up, not delivered","2026-08-23 00:00:00",0
"UIT4","No Split","Quality","Full Delivery Failure","~ % PSC Picked up, not delivered","2026-08-30 00:00:00",0.004811344644213725
"UIT4","No Split","Quality","Full Delivery Failure","~ % PSC Picked up, not delivered","2026-09-06 00:00:00",0.001607717041800643
"UIT4","No Split","Quality","Full Delivery Failure","~ % PSC Unknown ops cancellation","2026-06-28 00:00:00",0
"UIT4","No Split","Quality","Full Delivery Failure","~ % PSC Unknown ops cancellation","2026-07-05 00:00:00",0
"UIT4","No Split","Quality","Full Delivery Failure","~ % PSC Unknown ops cancellation","2026-07-12 00:00:00",0
"UIT4","No Split","Quality","Full Delivery Failure","~ % PSC Unknown ops cancellation","2026-07-19 00:00:00",0
"UIT4","No Split","Quality","Full Delivery Failure","~ % PSC Unknown ops cancellation","2026-07-26 00:00:00",0
"UIT4","No Split","Quality","Full Delivery Failure","~ % PSC Unknown ops cancellation","2026-08-02 00:00:00",0
"UIT4","No Split","Quality","Full Delivery Failure","~ % PSC Unknown ops cancellation","2026-08-09 00:00:00",0
"UIT4","No Split","Quality","Full Delivery Failure","~ % PSC Unknown ops cancellation","2026-08-16 00:00:00",0
"UIT4","No Split","Quality","Full Delivery Failure","~ % PSC Unknown ops cancellation","2026-08-23 00:00:00",0
"UIT4","No Split","Quality","Full Delivery Failure","~ % PSC Unknown ops cancellation","2026-08-30 00:00:00",0
"UIT4","No Split","Quality","Full Delivery Failure","~ % PSC Unknown ops cancellation","2026-09-06 00:00:00",0
"UIT4","No Split","Quality","Full Delivery Failure","% FDNR","2026-06-28 00:00:00",0.0024783147459727386
"UIT4","No Split","Quality","Full Delivery Failure","% FDNR","2026-07-05 00:00:00",0.0018512804689910522
"UIT4","No Split","Quality","Full Delivery Failure","% FDNR","2026-07-12 00:00:00",0.0006607201850016518
"UIT4","No Split","Quality","Full Delivery Failure","% FDNR","2026-07-19 00:00:00",0.0023553162853297443
"UIT4","No Split","Quality","Full Delivery Failure","% FDNR","2026-07-26 00:00:00",0.001066477070742979
"UIT4","No Split","Quality","Full Delivery Failure","% FDNR","2026-08-02 00:00:00",0.002261420171867933
"UIT4","No Split","Quality","Full Delivery Failure","% FDNR","2026-08-09 00:00:00",0.0026939655172413795
"UIT4","No Split","Quality","Full Delivery Failure","% FDNR","2026-08-16 00:00:00",0.0008368200836820083
"UIT4","No Split","Quality","Full Delivery Failure","% FDNR","2026-08-23 00:00:00",0.001349527665317139
"UIT4","No Split","Quality","Full Delivery Failure","% FDNR","2026-08-30 00:00:00",0.0015193719929095975
"UIT4","No Split","Quality","Full Delivery Failure","% FDNR","2026-09-06 00:00:00",0.00040192926045016077
"UIT4","No Split","Quality","Partial Delivery Failure","% FTPDF","2026-06-28 00:00:00",0.016728624535315983
"UIT4","No Split","Quality","Partial Delivery Failure","% FTPDF","2026-07-05 00:00:00",0.012650416538105523
"UIT4","No Split","Quality","Partial Delivery Failure","% FTPDF","2026-07-12 00:00:00",0.012553683515031383
"UIT4","No Split","Quality","Partial Delivery Failure","% FTPDF","2026-07-19 00:00:00",0.010430686406460296
"UIT4","No Split","Quality","Partial Delivery Failure","% FTPDF","2026-07-26 00:00:00",0.006043370067543548
"UIT4","No Split","Quality","Partial Delivery Failure","% FTPDF","2026-08-02 00:00:00",0.011759384893713252
"UIT4","No Split","Quality","Partial Delivery Failure","% FTPDF","2026-08-09 00:00:00",0.010775862068965518
"UIT4","No Split","Quality","Partial Delivery Failure","% FTPDF","2026-08-16 00:00:00",0.01297071129707113
"UIT4","No Split","Quality","Partial Delivery Failure","% FTPDF","2026-08-23 00:00:00",0.016194331983805668
"UIT4","No Split","Quality","Partial Delivery Failure","% FTPDF","2026-08-30 00:00:00",0.029880982527222082
"UIT4","No Split","Quality","Partial Delivery Failure","% FTPDF","2026-09-06 00:00:00",0.021704180064308683
"UIT4","No Split","Quality","Partial Delivery Failure","% POND","2026-06-28 00:00:00",0.0161090458488228
"UIT4","No Split","Quality","Partial Delivery Failure","% POND","2026-07-05 00:00:00",0.012341869793273681
"UIT4","No Split","Quality","Partial Delivery Failure","% POND","2026-07-12 00:00:00",0.011562603237528906
"UIT4","No Split","Quality","Partial Delivery Failure","% POND","2026-07-19 00:00:00",0.010094212651413189
"UIT4","No Split","Quality","Partial Delivery Failure","% POND","2026-07-26 00:00:00",0.006043370067543548
"UIT4","No Split","Quality","Partial Delivery Failure","% POND","2026-08-02 00:00:00",0.011307100859339666
"UIT4","No Split","Quality","Partial Delivery Failure","% POND","2026-08-09 00:00:00",0.010237068965517241
"UIT4","No Split","Quality","Partial Delivery Failure","% POND","2026-08-16 00:00:00",0.012552301255230125
"UIT4","No Split","Quality","Partial Delivery Failure","% POND","2026-08-23 00:00:00",0.014844804318488529
"UIT4","No Split","Quality","Partial Delivery Failure","% POND","2026-08-30 00:00:00",0.028361610534312486
"UIT4","No Split","Quality","Partial Delivery Failure","% POND","2026-09-06 00:00:00",0.0204983922829582
"UIT4","No Split","Quality","Partial Delivery Failure","% PDNR","2026-06-28 00:00:00",0.014250309789343246
"UIT4","No Split","Quality","Partial Delivery Failure","% PDNR","2026-07-05 00:00:00",0.009564949089787103
"UIT4","No Split","Quality","Partial Delivery Failure","% PDNR","2026-07-12 00:00:00",0.008589362405021473
"UIT4","No Split","Quality","Partial Delivery Failure","% PDNR","2026-07-19 00:00:00",0.008748317631224764
"UIT4","No Split","Quality","Partial Delivery Failure","% PDNR","2026-07-26 00:00:00",0.012086740135087096
"UIT4","No Split","Quality","Partial Delivery Failure","% PDNR","2026-08-02 00:00:00",0.011759384893713252
"UIT4","No Split","Quality","Partial Delivery Failure","% PDNR","2026-08-09 00:00:00",0.004849137931034483
"UIT4","No Split","Quality","Partial Delivery Failure","% PDNR","2026-08-16 00:00:00",0.01506276150627615
"UIT4","No Split","Quality","Partial Delivery Failure","% PDNR","2026-08-23 00:00:00",0.014507422402159244
"UIT4","No Split","Quality","Partial Delivery Failure","% PDNR","2026-08-30 00:00:00",0.015953405925550772
"UIT4","No Split","Quality","Partial Delivery Failure","% PDNR","2026-09-06 00:00:00",0.0044212218649517685
"UIT4","No Split","Quality","Partial Delivery Failure","% Damage Items","2026-06-28 00:00:00",0.01982651796778191
"UIT4","No Split","Quality","Partial Delivery Failure","% Damage Items","2026-07-05 00:00:00",0.02252391237272447
"UIT4","No Split","Quality","Partial Delivery Failure","% Damage Items","2026-07-12 00:00:00",0.02015196564255038
"UIT4","No Split","Quality","Partial Delivery Failure","% Damage Items","2026-07-19 00:00:00",0.02288021534320323
"UIT4","No Split","Quality","Partial Delivery Failure","% Damage Items","2026-07-26 00:00:00",0.016352648418059012
"UIT4","No Split","Quality","Partial Delivery Failure","% Damage Items","2026-08-02 00:00:00",0.023518769787426504
"UIT4","No Split","Quality","Partial Delivery Failure","% Damage Items","2026-08-09 00:00:00",0.02209051724137931
"UIT4","No Split","Quality","Partial Delivery Failure","% Damage Items","2026-08-16 00:00:00",0.0200836820083682
"UIT4","No Split","Quality","Partial Delivery Failure","% Damage Items","2026-08-23 00:00:00",0.02766531713900135
"UIT4","No Split","Quality","Partial Delivery Failure","% Damage Items","2026-08-30 00:00:00",0.022537351228159027
"UIT4","No Split","Quality","Partial Delivery Failure","% Damage Items","2026-09-06 00:00:00",0.012861736334405145
"UIT4","No Split","Quality","Partial Delivery Failure","% Missing Items","2026-06-28 00:00:00",0.031288723667905825
"UIT4","No Split","Quality","Partial Delivery Failure","% Missing Items","2026-07-05 00:00:00",0.026535020055538414
"UIT4","No Split","Quality","Partial Delivery Failure","% Missing Items","2026-07-12 00:00:00",0.024777006937561942
"UIT4","No Split","Quality","Partial Delivery Failure","% Missing Items","2026-07-19 00:00:00",0.024226110363391656
"UIT4","No Split","Quality","Partial Delivery Failure","% Missing Items","2026-07-26 00:00:00",0.0270174191254888
"UIT4","No Split","Quality","Partial Delivery Failure","% Missing Items","2026-08-02 00:00:00",0.02804161013116237
"UIT4","No Split","Quality","Partial Delivery Failure","% Missing Items","2026-08-09 00:00:00",0.028017241379310345
"UIT4","No Split","Quality","Partial Delivery Failure","% Missing Items","2026-08-16 00:00:00",0.05104602510460251
"UIT4","No Split","Quality","Partial Delivery Failure","% Missing Items","2026-08-23 00:00:00",0.037112010796221326
"UIT4","No Split","Quality","Partial Delivery Failure","% Missing Items","2026-08-30 00:00:00",0.03570524183337554
"UIT4","No Split","Quality","Partial Delivery Failure","% Missing Items","2026-09-06 00:00:00",0.01527331189710611
"UIT4","No Split","Quality","Partial Delivery Failure","% Full bag damaged","2026-06-28 00:00:00",0.004646840148698885
"UIT4","No Split","Quality","Partial Delivery Failure","% Full bag damaged","2026-07-05 00:00:00",0.003394014193150262
"UIT4","No Split","Quality","Partial Delivery Failure","% Full bag damaged","2026-07-12 00:00:00",0.0013214403700033035
"UIT4","No Split","Quality","Partial Delivery Failure","% Full bag damaged","2026-07-19 00:00:00",0.003028263795423957
"UIT4","No Split","Quality","Partial Delivery Failure","% Full bag damaged","2026-07-26 00:00:00",0.002132954141485958
"UIT4","No Split","Quality","Partial Delivery Failure","% Full bag damaged","2026-08-02 00:00:00",0.0013568521031207597
"UIT4","No Split","Quality","Partial Delivery Failure","% Full bag damaged","2026-08-09 00:00:00",0.0021551724137931034
"UIT4","No Split","Quality","Partial Delivery Failure","% Full bag damaged","2026-08-16 00:00:00",0.0008368200836820083
"UIT4","No Split","Quality","Partial Delivery Failure","% Full bag damaged","2026-08-23 00:00:00",0.003036437246963563
"UIT4","No Split","Quality","Partial Delivery Failure","% Full bag damaged","2026-08-30 00:00:00",0.002279057989364396
"UIT4","No Split","Quality","Partial Delivery Failure","% Full bag damaged","2026-09-06 00:00:00",0.0008038585209003215
"UIT4","No Split","Quality","Partial Delivery Failure","~ % Full bag damaged ambient","2026-06-28 00:00:00",0.0015489467162329617
"UIT4","No Split","Quality","Partial Delivery Failure","~ % Full bag damaged ambient","2026-07-05 00:00:00",0.0015427337241592102
"UIT4","No Split","Quality","Partial Delivery Failure","~ % Full bag damaged ambient","2026-07-12 00:00:00",0.0003303600925008259
"UIT4","No Split","Quality","Partial Delivery Failure","~ % Full bag damaged ambient","2026-07-19 00:00:00",0.001009421265141319
"UIT4","No Split","Quality","Partial Delivery Failure","~ % Full bag damaged ambient","2026-07-26 00:00:00",0
"UIT4","No Split","Quality","Partial Delivery Failure","~ % Full bag damaged ambient","2026-08-02 00:00:00",0
"UIT4","No Split","Quality","Partial Delivery Failure","~ % Full bag damaged ambient","2026-08-09 00:00:00",0.0010775862068965517
"UIT4","No Split","Quality","Partial Delivery Failure","~ % Full bag damaged ambient","2026-08-16 00:00:00",0.00041841004184100416
"UIT4","No Split","Quality","Partial Delivery Failure","~ % Full bag damaged ambient","2026-08-23 00:00:00",0.001349527665317139
"UIT4","No Split","Quality","Partial Delivery Failure","~ % Full bag damaged ambient","2026-08-30 00:00:00",0.0005064573309698658
"UIT4","No Split","Quality","Partial Delivery Failure","~ % Full bag damaged ambient","2026-09-06 00:00:00",0
"UIT4","No Split","Quality","Partial Delivery Failure","~ % Full bag damaged cold","2026-06-28 00:00:00",0.0030978934324659233
"UIT4","No Split","Quality","Partial Delivery Failure","~ % Full bag damaged cold","2026-07-05 00:00:00",0.0018512804689910522
"UIT4","No Split","Quality","Partial Delivery Failure","~ % Full bag damaged cold","2026-07-12 00:00:00",0.0009910802775024777
"UIT4","No Split","Quality","Partial Delivery Failure","~ % Full bag damaged cold","2026-07-19 00:00:00",0.002018842530282638
"UIT4","No Split","Quality","Partial Delivery Failure","~ % Full bag damaged cold","2026-07-26 00:00:00",0.002132954141485958
"UIT4","No Split","Quality","Partial Delivery Failure","~ % Full bag damaged cold","2026-08-02 00:00:00",0.0013568521031207597
"UIT4","No Split","Quality","Partial Delivery Failure","~ % Full bag damaged cold","2026-08-09 00:00:00",0.0010775862068965517
"UIT4","No Split","Quality","Partial Delivery Failure","~ % Full bag damaged cold","2026-08-16 00:00:00",0.00041841004184100416
"UIT4","No Split","Quality","Partial Delivery Failure","~ % Full bag damaged cold","2026-08-23 00:00:00",0.0016869095816464238
"UIT4","No Split","Quality","Partial Delivery Failure","~ % Full bag damaged cold","2026-08-30 00:00:00",0.0017726006583945303
"UIT4","No Split","Quality","Partial Delivery Failure","~ % Full bag damaged cold","2026-09-06 00:00:00",0.0008038585209003215
"UIT4","No Split","Quality","Partial Delivery Failure","% Bag Almost Fully Damaged","2026-06-28 00:00:00",0.0006195786864931846
"UIT4","No Split","Quality","Partial Delivery Failure","% Bag Almost Fully Damaged","2026-07-05 00:00:00",0
"UIT4","No Split","Quality","Partial Delivery Failure","% Bag Almost Fully Damaged","2026-07-12 00:00:00",0.0006607201850016518
"UIT4","No Split","Quality","Partial Delivery Failure","% Bag Almost Fully Damaged","2026-07-19 00:00:00",0.0006729475100942127
"UIT4","No Split","Quality","Partial Delivery Failure","% Bag Almost Fully Damaged","2026-07-26 00:00:00",0.00035549235691432633
"UIT4","No Split","Quality","Partial Delivery Failure","% Bag Almost Fully Damaged","2026-08-02 00:00:00",0.0004522840343735866
"UIT4","No Split","Quality","Partial Delivery Failure","% Bag Almost Fully Damaged","2026-08-09 00:00:00",0
"UIT4","No Split","Quality","Partial Delivery Failure","% Bag Almost Fully Damaged","2026-08-16 00:00:00",0
"UIT4","No Split","Quality","Partial Delivery Failure","% Bag Almost Fully Damaged","2026-08-23 00:00:00",0.0006747638326585695
"UIT4","No Split","Quality","Partial Delivery Failure","% Bag Almost Fully Damaged","2026-08-30 00:00:00",0.0005064573309698658
"UIT4","No Split","Quality","Partial Delivery Failure","% Bag Almost Fully Damaged","2026-09-06 00:00:00",0
"UIT4","No Split","Quality","RME","% RME Happy","2026-06-28 00:00:00",0.5062388591800356
"UIT4","No Split","Quality","RME","% RME Happy","2026-07-05 00:00:00",0.5324947589098532
"UIT4","No Split","Quality","RME","% RME Happy","2026-07-12 00:00:00",0.5388026607538803
"UIT4","No Split","Quality","RME","% RME Happy","2026-07-19 00:00:00",0.5595959595959596
"UIT4","No Split","Quality","RME","% RME Happy","2026-07-26 00:00:00",0.5951859956236324
"UIT4","No Split","Quality","RME","% RME Happy","2026-08-02 00:00:00",0.6228710462287105
"UIT4","No Split","Quality","RME","% RME Happy","2026-08-09 00:00:00",0.694006309148265
"UIT4","No Split","Quality","RME","% RME Happy","2026-08-16 00:00:00",0.6591422121896162
"UIT4","No Split","Quality","RME","% RME Happy","2026-08-23 00:00:00",0.5907258064516129
"UIT4","No Split","Quality","RME","% RME Happy","2026-08-30 00:00:00",0.5015060240963856
"UIT4","No Split","Quality","RME","% RME Happy","2026-09-06 00:00:00",0.5033333333333333
"UIT4","No Split","Quality","RME","% RME Damaged Item","2026-06-28 00:00:00",0.0481283422459893
"UIT4","No Split","Quality","RME","% RME Damaged Item","2026-07-05 00:00:00",0.041928721174004195
"UIT4","No Split","Quality","RME","% RME Damaged Item","2026-07-12 00:00:00",0.04434589800443459
"UIT4","No Split","Quality","RME","% RME Damaged Item","2026-07-19 00:00:00",0.04242424242424243
"UIT4","No Split","Quality","RME","% RME Damaged Item","2026-07-26 00:00:00",0.045951859956236324
"UIT4","No Split","Quality","RME","% RME Damaged Item","2026-08-02 00:00:00",0.031630170316301706
"UIT4","No Split","Quality","RME","% RME Damaged Item","2026-08-09 00:00:00",0.028391167192429023
"UIT4","No Split","Quality","RME","% RME Damaged Item","2026-08-16 00:00:00",0.040632054176072234
"UIT4","No Split","Quality","RME","% RME Damaged Item","2026-08-23 00:00:00",0.056451612903225805
"UIT4","No Split","Quality","RME","% RME Damaged Item","2026-08-30 00:00:00",0.04819277108433735
"UIT4","No Split","Quality","RME","% RME Damaged Item","2026-09-06 00:00:00",0.08666666666666667
"UIT4","No Split","Quality","RME","% RME Instructions not followed","2026-06-28 00:00:00",0.10338680926916222
"UIT4","No Split","Quality","RME","% RME Instructions not followed","2026-07-05 00:00:00",0.10062893081761007
"UIT4","No Split","Quality","RME","% RME Instructions not followed","2026-07-12 00:00:00",0.07538802660753881
"UIT4","No Split","Quality","RME","% RME Instructions not followed","2026-07-19 00:00:00",0.09090909090909091
"UIT4","No Split","Quality","RME","% RME Instructions not followed","2026-07-26 00:00:00",0.06783369803063458
"UIT4","No Split","Quality","RME","% RME Instructions not followed","2026-08-02 00:00:00",0.058394160583941604
"UIT4","No Split","Quality","RME","% RME Instructions not followed","2026-08-09 00:00:00",0.04100946372239748
"UIT4","No Split","Quality","RME","% RME Instructions not followed","2026-08-16 00:00:00",0.05869074492099323
"UIT4","No Split","Quality","RME","% RME Instructions not followed","2026-08-23 00:00:00",0.0846774193548387
"UIT4","No Split","Quality","RME","% RME Instructions not followed","2026-08-30 00:00:00",0.06475903614457831
"UIT4","No Split","Quality","RME","% RME Instructions not followed","2026-09-06 00:00:00",0.05333333333333334
"UIT4","No Split","Quality","RME","% RME Bags damaged","2026-06-28 00:00:00",0.05525846702317291
"UIT4","No Split","Quality","RME","% RME Bags damaged","2026-07-05 00:00:00",0.033542976939203356
"UIT4","No Split","Quality","RME","% RME Bags damaged","2026-07-12 00:00:00",0.031042128603104215
"UIT4","No Split","Quality","RME","% RME Bags damaged","2026-07-19 00:00:00",0.030303030303030304
"UIT4","No Split","Quality","RME","% RME Bags damaged","2026-07-26 00:00:00",0.030634573304157548
"UIT4","No Split","Quality","RME","% RME Bags damaged","2026-08-02 00:00:00",0.031630170316301706
"UIT4","No Split","Quality","RME","% RME Bags damaged","2026-08-09 00:00:00",0.022082018927444796
"UIT4","No Split","Quality","RME","% RME Bags damaged","2026-08-16 00:00:00",0.033860045146726865
"UIT4","No Split","Quality","RME","% RME Bags damaged","2026-08-23 00:00:00",0.028225806451612902
"UIT4","No Split","Quality","RME","% RME Bags damaged","2026-08-30 00:00:00",0.046686746987951805
"UIT4","No Split","Quality","RME","% RME Bags damaged","2026-09-06 00:00:00",0.05333333333333334
"UIT4","No Split","Quality","RME","% RME Inappropriate Driver Conduct","2026-06-28 00:00:00",0.16042780748663102
"UIT4","No Split","Quality","RME","% RME Inappropriate Driver Conduct","2026-07-05 00:00:00",0.1278825995807128
"UIT4","No Split","Quality","RME","% RME Inappropriate Driver Conduct","2026-07-12 00:00:00",0.1352549889135255
"UIT4","No Split","Quality","RME","% RME Inappropriate Driver Conduct","2026-07-19 00:00:00",0.1111111111111111
"UIT4","No Split","Quality","RME","% RME Inappropriate Driver Conduct","2026-07-26 00:00:00",0.11159737417943107
"UIT4","No Split","Quality","RME","% RME Inappropriate Driver Conduct","2026-08-02 00:00:00",0.10462287104622871
"UIT4","No Split","Quality","RME","% RME Inappropriate Driver Conduct","2026-08-09 00:00:00",0.07886435331230283
"UIT4","No Split","Quality","RME","% RME Inappropriate Driver Conduct","2026-08-16 00:00:00",0.08126410835214447
"UIT4","No Split","Quality","RME","% RME Inappropriate Driver Conduct","2026-08-23 00:00:00",0.10685483870967742
"UIT4","No Split","Quality","RME","% RME Inappropriate Driver Conduct","2026-08-30 00:00:00",0.10993975903614457
"UIT4","No Split","Quality","RME","% RME Inappropriate Driver Conduct","2026-09-06 00:00:00",0.09
"UIT4","No Split","Operational","Operational","% Late pickup routes","2026-06-28 00:00:00",0.3183098591549296
"UIT4","No Split","Operational","Operational","% Late pickup routes","2026-07-05 00:00:00",0.3655761024182077
"UIT4","No Split","Operational","Operational","% Late pickup routes","2026-07-12 00:00:00",0.2816691505216095
"UIT4","No Split","Operational","Operational","% Late pickup routes","2026-07-19 00:00:00",0.27426810477657937
"UIT4","No Split","Operational","Operational","% Late pickup routes","2026-07-26 00:00:00",0.2204724409448819
"UIT4","No Split","Operational","Operational","% Late pickup routes","2026-08-02 00:00:00",0.22792607802874743
"UIT4","No Split","Operational","Operational","% Late pickup routes","2026-08-09 00:00:00",0.181360201511335
"UIT4","No Split","Operational","Operational","% Late pickup routes","2026-08-16 00:00:00",0.10681399631675875
"UIT4","No Split","Operational","Operational","% Late pickup routes","2026-08-23 00:00:00",0.15864022662889518
"UIT4","No Split","Operational","Operational","% Late pickup routes","2026-08-30 00:00:00",0.41676104190260477
"UIT4","No Split","Operational","Operational","% Late pickup routes","2026-09-06 00:00:00",0.39482758620689656
"UIT4","No Split","Operational","Operational","% Late pickup routes (First window)","2026-06-28 00:00:00",0.1201923076923077
"UIT4","No Split","Operational","Operational","% Late pickup routes (First window)","2026-07-05 00:00:00",0.12807881773399016
"UIT4","No Split","Operational","Operational","% Late pickup routes (First window)","2026-07-12 00:00:00",0.08021390374331551
"UIT4","No Split","Operational","Operational","% Late pickup routes (First window)","2026-07-19 00:00:00",0.08648648648648649
"UIT4","No Split","Operational","Operational","% Late pickup routes (First window)","2026-07-26 00:00:00",0.03783783783783784
"UIT4","No Split","Operational","Operational","% Late pickup routes (First window)","2026-08-02 00:00:00",0.05517241379310345
"UIT4","No Split","Operational","Operational","% Late pickup routes (First window)","2026-08-09 00:00:00",0.06140350877192982
"UIT4","No Split","Operational","Operational","% Late pickup routes (First window)","2026-08-16 00:00:00",0.08552631578947369
"UIT4","No Split","Operational","Operational","% Late pickup routes (First window)","2026-08-23 00:00:00",0.04145077720207254
"UIT4","No Split","Operational","Operational","% Late pickup routes (First window)","2026-08-30 00:00:00",0.21367521367521367
"UIT4","No Split","Operational","Operational","% Late pickup routes (First window)","2026-09-06 00:00:00",0.2215909090909091
"UIT4","No Split","Operational","Operational","% Successful delivery orders","2026-06-28 00:00:00",0.9913258983890955
"UIT4","No Split","Operational","Operational","% Successful delivery orders","2026-07-05 00:00:00",0.9910521443998765
"UIT4","No Split","Operational","Operational","% Successful delivery orders","2026-07-12 00:00:00",0.9910802775024777
"UIT4","No Split","Operational","Operational","% Successful delivery orders","2026-07-19 00:00:00",0.990578734858681
"UIT4","No Split","Operational","Operational","% Successful delivery orders","2026-07-26 00:00:00",0.9925346605047991
"UIT4","No Split","Operational","Operational","% Successful delivery orders","2026-08-02 00:00:00",0.994572591587517
"UIT4","No Split","Operational","Operational","% Successful delivery orders","2026-08-09 00:00:00",0.9962284482758621
"UIT4","No Split","Operational","Operational","% Successful delivery orders","2026-08-16 00:00:00",0.9953974895397489
"UIT4","No Split","Operational","Operational","% Successful delivery orders","2026-08-23 00:00:00",0.9959514170040485
"UIT4","No Split","Operational","Operational","% Successful delivery orders","2026-08-30 00:00:00",0.9886047100531781
"UIT4","No Split","Operational","Operational","% Successful delivery orders","2026-09-06 00:00:00",0.9843247588424437
"UIT4","No Split","Operational","Operational","% Route Order Compliant","2026-06-28 00:00:00",0.4830985915492958
"UIT4","No Split","Operational","Operational","% Route Order Compliant","2026-07-05 00:00:00",0.5248933143669986
"UIT4","No Split","Operational","Operational","% Route Order Compliant","2026-07-12 00:00:00",0.47391952309985097
"UIT4","No Split","Operational","Operational","% Route Order Compliant","2026-07-19 00:00:00",0.44838212634822805
"UIT4","No Split","Operational","Operational","% Route Order Compliant","2026-07-26 00:00:00",0.47244094488188976
"UIT4","No Split","Operational","Operational","% Route Order Compliant","2026-08-02 00:00:00",0.49075975359342916
"UIT4","No Split","Operational","Operational","% Route Order Compliant","2026-08-09 00:00:00",0.5692695214105793
"UIT4","No Split","Operational","Operational","% Route Order Compliant","2026-08-16 00:00:00",0.46408839779005523
"UIT4","No Split","Operational","Operational","% Route Order Compliant","2026-08-23 00:00:00",0.3895184135977337
"UIT4","No Split","Operational","Operational","% Route Order Compliant","2026-08-30 00:00:00",0.4960362400906002
"UIT4","No Split","Operational","Operational","% Route Order Compliant","2026-09-06 00:00:00",0.5603448275862069
"UIT4","No Split","Operational","Operational","% Route Order + Sequence Compliant","2026-06-28 00:00:00",0.24647887323943662
"UIT4","No Split","Operational","Operational","% Route Order + Sequence Compliant","2026-07-05 00:00:00",0.2233285917496444
"UIT4","No Split","Operational","Operational","% Route Order + Sequence Compliant","2026-07-12 00:00:00",0.21907600596125187
"UIT4","No Split","Operational","Operational","% Route Order + Sequence Compliant","2026-07-19 00:00:00",0.23728813559322035
"UIT4","No Split","Operational","Operational","% Route Order + Sequence Compliant","2026-07-26 00:00:00",0.24566929133858267
"UIT4","No Split","Operational","Operational","% Route Order + Sequence Compliant","2026-08-02 00:00:00",0.2299794661190965
"UIT4","No Split","Operational","Operational","% Route Order + Sequence Compliant","2026-08-09 00:00:00",0.24433249370277077
"UIT4","No Split","Operational","Operational","% Route Order + Sequence Compliant","2026-08-16 00:00:00",0.2559852670349908
"UIT4","No Split","Operational","Operational","% Route Order + Sequence Compliant","2026-08-23 00:00:00",0.20113314447592068
"UIT4","No Split","Operational","Operational","% Route Order + Sequence Compliant","2026-08-30 00:00:00",0.14722536806342015
"UIT4","No Split","Operational","Operational","% Route Order + Sequence Compliant","2026-09-06 00:00:00",0.15517241379310345
"UIT4","No Split","Operational","Operational","% Route Fulfillment Compliance","2026-06-28 00:00:00",0.9230769230769231
"UIT4","No Split","Operational","Operational","% Route Fulfillment Compliance","2026-07-05 00:00:00",0.8928571428571429
"UIT4","No Split","Operational","Operational","% Route Fulfillment Compliance","2026-07-12 00:00:00",0.9642857142857143
"UIT4","No Split","Operational","Operational","% Route Fulfillment Compliance","2026-07-19 00:00:00",0.9642857142857143
"UIT4","No Split","Operational","Operational","% Route Fulfillment Compliance","2026-07-26 00:00:00",0.9642857142857143
"UIT4","No Split","Operational","Operational","% Route Fulfillment Compliance","2026-08-02 00:00:00",1
"UIT4","No Split","Operational","Operational","% Route Fulfillment Compliance","2026-08-09 00:00:00",1
"UIT4","No Split","Operational","Operational","% Route Fulfillment Compliance","2026-08-16 00:00:00",0.9642857142857143
"UIT4","No Split","Operational","Operational","% Route Fulfillment Compliance","2026-08-23 00:00:00",0.9464285714285714
"UIT4","No Split","Operational","Operational","% Route Fulfillment Compliance","2026-08-30 00:00:00",0.7142857142857143
"UIT4","No Split","Operational","Operational","% Route Fulfillment Compliance","2026-09-06 00:00:00",0.696969696969697
